date,store_id,cat_id,actual,predicted
2016-01-01,CA_1,FOODS,2161.0,1697.07
2016-01-01,CA_1,HOBBIES,490.0,302.3
2016-01-01,CA_1,HOUSEHOLD,767.0,596.94
2016-01-01,CA_2,FOODS,2313.0,1510.62
2016-01-01,CA_2,HOBBIES,320.0,227.33
2016-01-01,CA_2,HOUSEHOLD,1046.0,623.53
2016-01-01,CA_3,FOODS,2944.0,2514.32
2016-01-01,CA_3,HOBBIES,409.0,427.06
2016-01-01,CA_3,HOUSEHOLD,1203.0,1071.44
2016-01-01,CA_4,FOODS,1053.0,786.09
2016-01-01,CA_4,HOBBIES,267.0,205.3
2016-01-01,CA_4,HOUSEHOLD,391.0,250.35
2016-01-01,TX_1,FOODS,1584.0,1256.98
2016-01-01,TX_1,HOBBIES,243.0,146.35
2016-01-01,TX_1,HOUSEHOLD,827.0,571.45
2016-01-01,TX_2,FOODS,2083.0,1616.03
2016-01-01,TX_2,HOBBIES,272.0,195.16
2016-01-01,TX_2,HOUSEHOLD,858.0,738.17
2016-01-01,TX_3,FOODS,1929.0,1510.1
2016-01-01,TX_3,HOBBIES,305.0,207.52
2016-01-01,TX_3,HOUSEHOLD,744.0,553.33
2016-01-01,WI_1,FOODS,2388.0,1775.42
2016-01-01,WI_1,HOBBIES,397.0,322.14
2016-01-01,WI_1,HOUSEHOLD,782.0,593.69
2016-01-01,WI_2,FOODS,2507.0,1662.76
2016-01-01,WI_2,HOBBIES,200.0,153.25
2016-01-01,WI_2,HOUSEHOLD,1104.0,726.77
2016-01-01,WI_3,FOODS,2116.0,1373.27
2016-01-01,WI_3,HOBBIES,279.0,185.81
2016-01-01,WI_3,HOUSEHOLD,669.0,581.98
2016-01-02,CA_1,FOODS,2970.0,2565.63
2016-01-02,CA_1,HOBBIES,855.0,457.37
2016-01-02,CA_1,HOUSEHOLD,1260.0,927.79
2016-01-02,CA_2,FOODS,2876.0,2714.81
2016-01-02,CA_2,HOBBIES,494.0,390.48
2016-01-02,CA_2,HOUSEHOLD,1424.0,1229.46
2016-01-02,CA_3,FOODS,4134.0,3363.71
2016-01-02,CA_3,HOBBIES,698.0,466.51
2016-01-02,CA_3,HOUSEHOLD,1822.0,1323.65
2016-01-02,CA_4,FOODS,1466.0,1121.64
2016-01-02,CA_4,HOBBIES,419.0,284.76
2016-01-02,CA_4,HOUSEHOLD,636.0,346.79
2016-01-02,TX_1,FOODS,1680.0,1549.51
2016-01-02,TX_1,HOBBIES,323.0,222.77
2016-01-02,TX_1,HOUSEHOLD,1040.0,849.95
2016-01-02,TX_2,FOODS,2168.0,2080.04
2016-01-02,TX_2,HOBBIES,411.0,299.21
2016-01-02,TX_2,HOUSEHOLD,1295.0,1067.69
2016-01-02,TX_3,FOODS,2019.0,1857.72
2016-01-02,TX_3,HOBBIES,413.0,298.5
2016-01-02,TX_3,HOUSEHOLD,1059.0,834.38
2016-01-02,WI_1,FOODS,3232.0,2510.29
2016-01-02,WI_1,HOBBIES,669.0,440.65
2016-01-02,WI_1,HOUSEHOLD,1106.0,761.85
2016-01-02,WI_2,FOODS,3839.0,3103.57
2016-01-02,WI_2,HOBBIES,315.0,224.35
2016-01-02,WI_2,HOUSEHOLD,1285.0,918.76
2016-01-02,WI_3,FOODS,3438.0,2624.03
2016-01-02,WI_3,HOBBIES,354.0,220.34
2016-01-02,WI_3,HOUSEHOLD,1037.0,748.85
2016-01-03,CA_1,FOODS,3261.0,2675.59
2016-01-03,CA_1,HOBBIES,515.0,461.44
2016-01-03,CA_1,HOUSEHOLD,1210.0,928.43
2016-01-03,CA_2,FOODS,3198.0,2440.73
2016-01-03,CA_2,HOBBIES,515.0,325.25
2016-01-03,CA_2,HOUSEHOLD,1388.0,1087.38
2016-01-03,CA_3,FOODS,4186.0,3504.08
2016-01-03,CA_3,HOBBIES,724.0,466.03
2016-01-03,CA_3,HOUSEHOLD,1871.0,1335.57
2016-01-03,CA_4,FOODS,1755.0,1231.84
2016-01-03,CA_4,HOBBIES,408.0,286.52
2016-01-03,CA_4,HOUSEHOLD,593.0,389.37
2016-01-03,TX_1,FOODS,1918.0,1614.63
2016-01-03,TX_1,HOBBIES,181.0,199.3
2016-01-03,TX_1,HOUSEHOLD,1028.0,765.38
2016-01-03,TX_2,FOODS,2559.0,2185.27
2016-01-03,TX_2,HOBBIES,355.0,263.56
2016-01-03,TX_2,HOUSEHOLD,1214.0,928.09
2016-01-03,TX_3,FOODS,2482.0,1903.77
2016-01-03,TX_3,HOBBIES,343.0,272.28
2016-01-03,TX_3,HOUSEHOLD,1001.0,710.54
2016-01-03,WI_1,FOODS,2742.0,2206.58
2016-01-03,WI_1,HOBBIES,357.0,278.11
2016-01-03,WI_1,HOUSEHOLD,962.0,556.77
2016-01-03,WI_2,FOODS,4097.0,2880.05
2016-01-03,WI_2,HOBBIES,199.0,180.55
2016-01-03,WI_2,HOUSEHOLD,985.0,693.87
2016-01-03,WI_3,FOODS,3116.0,2575.99
2016-01-03,WI_3,HOBBIES,263.0,202.16
2016-01-03,WI_3,HOUSEHOLD,914.0,654.16
2016-01-04,CA_1,FOODS,2779.0,2106.44
2016-01-04,CA_1,HOBBIES,462.0,382.72
2016-01-04,CA_1,HOUSEHOLD,996.0,724.77
2016-01-04,CA_2,FOODS,2373.0,1720.99
2016-01-04,CA_2,HOBBIES,333.0,234.31
2016-01-04,CA_2,HOUSEHOLD,885.0,673.22
2016-01-04,CA_3,FOODS,3861.0,3075.49
2016-01-04,CA_3,HOBBIES,519.0,385.39
2016-01-04,CA_3,HOUSEHOLD,1564.0,1127.58
2016-01-04,CA_4,FOODS,1662.0,1100.39
2016-01-04,CA_4,HOBBIES,501.0,263.79
2016-01-04,CA_4,HOUSEHOLD,520.0,338.84
2016-01-04,TX_1,FOODS,1532.0,1210.93
2016-01-04,TX_1,HOBBIES,380.0,156.83
2016-01-04,TX_1,HOUSEHOLD,833.0,627.84
2016-01-04,TX_2,FOODS,2162.0,1628.81
2016-01-04,TX_2,HOBBIES,350.0,216.93
2016-01-04,TX_2,HOUSEHOLD,1039.0,728.83
2016-01-04,TX_3,FOODS,2117.0,1640.57
2016-01-04,TX_3,HOBBIES,370.0,240.52
2016-01-04,TX_3,HOUSEHOLD,1073.0,658.67
2016-01-04,WI_1,FOODS,2000.0,1401.5
2016-01-04,WI_1,HOBBIES,342.0,191.32
2016-01-04,WI_1,HOUSEHOLD,702.0,384.18
2016-01-04,WI_2,FOODS,2867.0,1935.28
2016-01-04,WI_2,HOBBIES,247.0,150.15
2016-01-04,WI_2,HOUSEHOLD,929.0,580.05
2016-01-04,WI_3,FOODS,2267.0,1605.15
2016-01-04,WI_3,HOBBIES,238.0,150.01
2016-01-04,WI_3,HOUSEHOLD,790.0,460.92
2016-01-05,CA_1,FOODS,2342.0,1779.27
2016-01-05,CA_1,HOBBIES,404.0,325.96
2016-01-05,CA_1,HOUSEHOLD,735.0,582.97
2016-01-05,CA_2,FOODS,2104.0,1605.05
2016-01-05,CA_2,HOBBIES,253.0,213.39
2016-01-05,CA_2,HOUSEHOLD,722.0,594.38
2016-01-05,CA_3,FOODS,3439.0,2788.06
2016-01-05,CA_3,HOBBIES,716.0,366.85
2016-01-05,CA_3,HOUSEHOLD,1377.0,1002.14
2016-01-05,CA_4,FOODS,1474.0,996.55
2016-01-05,CA_4,HOBBIES,407.0,240.41
2016-01-05,CA_4,HOUSEHOLD,448.0,305.06
2016-01-05,TX_1,FOODS,1643.0,1259.89
2016-01-05,TX_1,HOBBIES,201.0,138.8
2016-01-05,TX_1,HOUSEHOLD,838.0,550.86
2016-01-05,TX_2,FOODS,2196.0,1605.62
2016-01-05,TX_2,HOBBIES,295.0,191.96
2016-01-05,TX_2,HOUSEHOLD,887.0,631.0
2016-01-05,TX_3,FOODS,2119.0,1678.11
2016-01-05,TX_3,HOBBIES,290.0,211.04
2016-01-05,TX_3,HOUSEHOLD,863.0,558.34
2016-01-05,WI_1,FOODS,2234.0,1558.13
2016-01-05,WI_1,HOBBIES,336.0,202.62
2016-01-05,WI_1,HOUSEHOLD,745.0,405.05
2016-01-05,WI_2,FOODS,3514.0,2647.91
2016-01-05,WI_2,HOBBIES,196.0,149.38
2016-01-05,WI_2,HOUSEHOLD,821.0,563.02
2016-01-05,WI_3,FOODS,2704.0,2010.99
2016-01-05,WI_3,HOBBIES,229.0,145.68
2016-01-05,WI_3,HOUSEHOLD,774.0,468.31
2016-01-06,CA_1,FOODS,2197.0,1771.98
2016-01-06,CA_1,HOBBIES,396.0,321.36
2016-01-06,CA_1,HOUSEHOLD,632.0,565.43
2016-01-06,CA_2,FOODS,2039.0,1591.65
2016-01-06,CA_2,HOBBIES,392.0,212.08
2016-01-06,CA_2,HOUSEHOLD,830.0,593.21
2016-01-06,CA_3,FOODS,3419.0,2720.31
2016-01-06,CA_3,HOBBIES,498.0,364.44
2016-01-06,CA_3,HOUSEHOLD,1145.0,986.49
2016-01-06,CA_4,FOODS,1285.0,996.37
2016-01-06,CA_4,HOBBIES,389.0,242.41
2016-01-06,CA_4,HOUSEHOLD,350.0,296.63
2016-01-06,TX_1,FOODS,1520.0,1258.85
2016-01-06,TX_1,HOBBIES,273.0,138.7
2016-01-06,TX_1,HOUSEHOLD,623.0,548.79
2016-01-06,TX_2,FOODS,1931.0,1616.54
2016-01-06,TX_2,HOBBIES,240.0,194.14
2016-01-06,TX_2,HOUSEHOLD,708.0,631.5
2016-01-06,TX_3,FOODS,1722.0,1665.57
2016-01-06,TX_3,HOBBIES,258.0,208.21
2016-01-06,TX_3,HOUSEHOLD,653.0,552.71
2016-01-06,WI_1,FOODS,1994.0,1620.18
2016-01-06,WI_1,HOBBIES,324.0,220.41
2016-01-06,WI_1,HOUSEHOLD,714.0,437.27
2016-01-06,WI_2,FOODS,3722.0,2698.39
2016-01-06,WI_2,HOBBIES,206.0,146.87
2016-01-06,WI_2,HOUSEHOLD,868.0,562.05
2016-01-06,WI_3,FOODS,2532.0,2047.39
2016-01-06,WI_3,HOBBIES,264.0,147.87
2016-01-06,WI_3,HOUSEHOLD,561.0,475.31
2016-01-07,CA_1,FOODS,2395.0,1742.55
2016-01-07,CA_1,HOBBIES,541.0,293.62
2016-01-07,CA_1,HOUSEHOLD,931.0,522.86
2016-01-07,CA_2,FOODS,2187.0,1613.74
2016-01-07,CA_2,HOBBIES,421.0,215.51
2016-01-07,CA_2,HOUSEHOLD,875.0,606.78
2016-01-07,CA_3,FOODS,3925.0,2615.49
2016-01-07,CA_3,HOBBIES,449.0,350.16
2016-01-07,CA_3,HOUSEHOLD,1270.0,959.41
2016-01-07,CA_4,FOODS,1570.0,999.95
2016-01-07,CA_4,HOBBIES,392.0,237.69
2016-01-07,CA_4,HOUSEHOLD,462.0,290.19
2016-01-07,TX_1,FOODS,1705.0,1264.59
2016-01-07,TX_1,HOBBIES,190.0,140.45
2016-01-07,TX_1,HOUSEHOLD,793.0,547.65
2016-01-07,TX_2,FOODS,2555.0,1651.5
2016-01-07,TX_2,HOBBIES,316.0,205.75
2016-01-07,TX_2,HOUSEHOLD,927.0,609.83
2016-01-07,TX_3,FOODS,2695.0,1576.09
2016-01-07,TX_3,HOBBIES,342.0,196.6
2016-01-07,TX_3,HOUSEHOLD,984.0,537.17
2016-01-07,WI_1,FOODS,1996.0,1311.23
2016-01-07,WI_1,HOBBIES,304.0,212.95
2016-01-07,WI_1,HOUSEHOLD,561.0,384.55
2016-01-07,WI_2,FOODS,3158.0,1844.17
2016-01-07,WI_2,HOBBIES,191.0,133.76
2016-01-07,WI_2,HOUSEHOLD,761.0,519.22
2016-01-07,WI_3,FOODS,2259.0,1504.23
2016-01-07,WI_3,HOBBIES,181.0,139.81
2016-01-07,WI_3,HOUSEHOLD,608.0,426.64
2016-01-08,CA_1,FOODS,2863.0,2085.34
2016-01-08,CA_1,HOBBIES,593.0,351.77
2016-01-08,CA_1,HOUSEHOLD,948.0,670.01
2016-01-08,CA_2,FOODS,2503.0,1822.18
2016-01-08,CA_2,HOBBIES,437.0,256.42
2016-01-08,CA_2,HOUSEHOLD,980.0,748.76
2016-01-08,CA_3,FOODS,3847.0,2886.71
2016-01-08,CA_3,HOBBIES,538.0,403.62
2016-01-08,CA_3,HOUSEHOLD,1400.0,1096.24
2016-01-08,CA_4,FOODS,1410.0,1043.66
2016-01-08,CA_4,HOBBIES,308.0,251.54
2016-01-08,CA_4,HOUSEHOLD,415.0,307.01
2016-01-08,TX_1,FOODS,1861.0,1212.96
2016-01-08,TX_1,HOBBIES,250.0,164.11
2016-01-08,TX_1,HOUSEHOLD,901.0,607.24
2016-01-08,TX_2,FOODS,2408.0,1617.96
2016-01-08,TX_2,HOBBIES,263.0,230.91
2016-01-08,TX_2,HOUSEHOLD,906.0,739.36
2016-01-08,TX_3,FOODS,2222.0,1534.81
2016-01-08,TX_3,HOBBIES,364.0,216.53
2016-01-08,TX_3,HOUSEHOLD,868.0,631.74
2016-01-08,WI_1,FOODS,2555.0,1913.2
2016-01-08,WI_1,HOBBIES,405.0,280.62
2016-01-08,WI_1,HOUSEHOLD,831.0,548.44
2016-01-08,WI_2,FOODS,3780.0,2888.82
2016-01-08,WI_2,HOBBIES,271.0,165.86
2016-01-08,WI_2,HOUSEHOLD,841.0,691.12
2016-01-08,WI_3,FOODS,2902.0,2249.71
2016-01-08,WI_3,HOBBIES,343.0,182.26
2016-01-08,WI_3,HOUSEHOLD,723.0,581.96
2016-01-09,CA_1,FOODS,4006.0,2873.79
2016-01-09,CA_1,HOBBIES,705.0,453.78
2016-01-09,CA_1,HOUSEHOLD,1366.0,955.26
2016-01-09,CA_2,FOODS,4010.0,2601.21
2016-01-09,CA_2,HOBBIES,520.0,360.58
2016-01-09,CA_2,HOUSEHOLD,1551.0,1182.85
2016-01-09,CA_3,FOODS,5275.0,3825.43
2016-01-09,CA_3,HOBBIES,700.0,499.25
2016-01-09,CA_3,HOUSEHOLD,1965.0,1449.08
2016-01-09,CA_4,FOODS,1737.0,1327.37
2016-01-09,CA_4,HOBBIES,519.0,310.67
2016-01-09,CA_4,HOUSEHOLD,568.0,388.48
2016-01-09,TX_1,FOODS,2593.0,1733.56
2016-01-09,TX_1,HOBBIES,430.0,194.66
2016-01-09,TX_1,HOUSEHOLD,1106.0,809.13
2016-01-09,TX_2,FOODS,3035.0,2314.06
2016-01-09,TX_2,HOBBIES,341.0,262.78
2016-01-09,TX_2,HOUSEHOLD,1351.0,860.5
2016-01-09,TX_3,FOODS,2774.0,2122.08
2016-01-09,TX_3,HOBBIES,385.0,263.04
2016-01-09,TX_3,HOUSEHOLD,1143.0,750.26
2016-01-09,WI_1,FOODS,3576.0,2900.53
2016-01-09,WI_1,HOBBIES,589.0,466.9
2016-01-09,WI_1,HOUSEHOLD,1119.0,883.92
2016-01-09,WI_2,FOODS,5039.0,3556.52
2016-01-09,WI_2,HOBBIES,265.0,205.15
2016-01-09,WI_2,HOUSEHOLD,1133.0,808.69
2016-01-09,WI_3,FOODS,3753.0,3027.55
2016-01-09,WI_3,HOBBIES,382.0,221.21
2016-01-09,WI_3,HOUSEHOLD,944.0,782.76
2016-01-10,CA_1,FOODS,3897.0,2880.5
2016-01-10,CA_1,HOBBIES,489.0,428.22
2016-01-10,CA_1,HOUSEHOLD,1274.0,935.03
2016-01-10,CA_2,FOODS,3774.0,2528.92
2016-01-10,CA_2,HOBBIES,551.0,325.46
2016-01-10,CA_2,HOUSEHOLD,1357.0,1100.41
2016-01-10,CA_3,FOODS,5269.0,3965.19
2016-01-10,CA_3,HOBBIES,892.0,502.28
2016-01-10,CA_3,HOUSEHOLD,1874.0,1471.93
2016-01-10,CA_4,FOODS,1887.0,1385.9
2016-01-10,CA_4,HOBBIES,368.0,301.41
2016-01-10,CA_4,HOUSEHOLD,584.0,391.55
2016-01-10,TX_1,FOODS,2292.0,1754.04
2016-01-10,TX_1,HOBBIES,376.0,209.6
2016-01-10,TX_1,HOUSEHOLD,1084.0,851.05
2016-01-10,TX_2,FOODS,3117.0,2323.53
2016-01-10,TX_2,HOBBIES,461.0,281.64
2016-01-10,TX_2,HOUSEHOLD,1197.0,917.72
2016-01-10,TX_3,FOODS,2678.0,2071.56
2016-01-10,TX_3,HOBBIES,423.0,287.38
2016-01-10,TX_3,HOUSEHOLD,1005.0,839.05
2016-01-10,WI_1,FOODS,2864.0,2356.03
2016-01-10,WI_1,HOBBIES,414.0,331.91
2016-01-10,WI_1,HOUSEHOLD,808.0,714.18
2016-01-10,WI_2,FOODS,3402.0,2432.9
2016-01-10,WI_2,HOBBIES,166.0,166.94
2016-01-10,WI_2,HOUSEHOLD,786.0,634.96
2016-01-10,WI_3,FOODS,3090.0,2289.91
2016-01-10,WI_3,HOBBIES,238.0,181.95
2016-01-10,WI_3,HOUSEHOLD,752.0,649.47
2016-01-11,CA_1,FOODS,2683.0,1957.85
2016-01-11,CA_1,HOBBIES,500.0,314.5
2016-01-11,CA_1,HOUSEHOLD,818.0,637.36
2016-01-11,CA_2,FOODS,2262.0,1694.64
2016-01-11,CA_2,HOBBIES,244.0,219.15
2016-01-11,CA_2,HOUSEHOLD,793.0,632.98
2016-01-11,CA_3,FOODS,4409.0,2983.65
2016-01-11,CA_3,HOBBIES,614.0,410.78
2016-01-11,CA_3,HOUSEHOLD,1417.0,1133.66
2016-01-11,CA_4,FOODS,1617.0,1176.42
2016-01-11,CA_4,HOBBIES,320.0,271.31
2016-01-11,CA_4,HOUSEHOLD,529.0,336.16
2016-01-11,TX_1,FOODS,2019.0,1536.7
2016-01-11,TX_1,HOBBIES,242.0,155.39
2016-01-11,TX_1,HOUSEHOLD,766.0,620.94
2016-01-11,TX_2,FOODS,2675.0,2086.63
2016-01-11,TX_2,HOBBIES,412.0,213.11
2016-01-11,TX_2,HOUSEHOLD,819.0,673.14
2016-01-11,TX_3,FOODS,2425.0,2005.14
2016-01-11,TX_3,HOBBIES,376.0,236.19
2016-01-11,TX_3,HOUSEHOLD,792.0,692.49
2016-01-11,WI_1,FOODS,2132.0,1711.87
2016-01-11,WI_1,HOBBIES,223.0,224.93
2016-01-11,WI_1,HOUSEHOLD,495.0,480.25
2016-01-11,WI_2,FOODS,4210.0,2958.7
2016-01-11,WI_2,HOBBIES,130.0,146.25
2016-01-11,WI_2,HOUSEHOLD,707.0,586.56
2016-01-11,WI_3,FOODS,2669.0,2308.2
2016-01-11,WI_3,HOBBIES,148.0,144.85
2016-01-11,WI_3,HOUSEHOLD,540.0,492.76
2016-01-12,CA_1,FOODS,2180.0,1703.86
2016-01-12,CA_1,HOBBIES,465.0,285.84
2016-01-12,CA_1,HOUSEHOLD,732.0,539.27
2016-01-12,CA_2,FOODS,2232.0,1620.71
2016-01-12,CA_2,HOBBIES,327.0,207.56
2016-01-12,CA_2,HOUSEHOLD,755.0,577.39
2016-01-12,CA_3,FOODS,3492.0,2768.17
2016-01-12,CA_3,HOBBIES,381.0,372.48
2016-01-12,CA_3,HOUSEHOLD,1250.0,1012.89
2016-01-12,CA_4,FOODS,1395.0,1059.0
2016-01-12,CA_4,HOBBIES,386.0,251.9
2016-01-12,CA_4,HOUSEHOLD,463.0,304.65
2016-01-12,TX_1,FOODS,2163.0,1426.68
2016-01-12,TX_1,HOBBIES,202.0,139.64
2016-01-12,TX_1,HOUSEHOLD,830.0,550.97
2016-01-12,TX_2,FOODS,2369.0,1852.81
2016-01-12,TX_2,HOBBIES,225.0,194.77
2016-01-12,TX_2,HOUSEHOLD,777.0,589.77
2016-01-12,TX_3,FOODS,2548.0,1851.96
2016-01-12,TX_3,HOBBIES,333.0,210.92
2016-01-12,TX_3,HOUSEHOLD,743.0,611.5
2016-01-12,WI_1,FOODS,1922.0,1644.14
2016-01-12,WI_1,HOBBIES,241.0,220.94
2016-01-12,WI_1,HOUSEHOLD,443.0,440.73
2016-01-12,WI_2,FOODS,3750.0,2965.38
2016-01-12,WI_2,HOBBIES,236.0,144.89
2016-01-12,WI_2,HOUSEHOLD,660.0,592.88
2016-01-12,WI_3,FOODS,2921.0,2230.73
2016-01-12,WI_3,HOBBIES,244.0,141.45
2016-01-12,WI_3,HOUSEHOLD,457.0,455.4
2016-01-13,CA_1,FOODS,2127.0,1671.5
2016-01-13,CA_1,HOBBIES,389.0,280.32
2016-01-13,CA_1,HOUSEHOLD,736.0,523.38
2016-01-13,CA_2,FOODS,1870.0,1642.52
2016-01-13,CA_2,HOBBIES,355.0,211.06
2016-01-13,CA_2,HOUSEHOLD,679.0,576.28
2016-01-13,CA_3,FOODS,3216.0,2706.58
2016-01-13,CA_3,HOBBIES,490.0,350.72
2016-01-13,CA_3,HOUSEHOLD,1097.0,977.48
2016-01-13,CA_4,FOODS,1311.0,1021.71
2016-01-13,CA_4,HOBBIES,316.0,239.48
2016-01-13,CA_4,HOUSEHOLD,415.0,297.98
2016-01-13,TX_1,FOODS,1832.0,1485.77
2016-01-13,TX_1,HOBBIES,187.0,144.12
2016-01-13,TX_1,HOUSEHOLD,651.0,568.22
2016-01-13,TX_2,FOODS,2366.0,1844.36
2016-01-13,TX_2,HOBBIES,276.0,198.06
2016-01-13,TX_2,HOUSEHOLD,742.0,604.66
2016-01-13,TX_3,FOODS,2418.0,1876.76
2016-01-13,TX_3,HOBBIES,357.0,212.17
2016-01-13,TX_3,HOUSEHOLD,710.0,604.99
2016-01-13,WI_1,FOODS,1960.0,1539.62
2016-01-13,WI_1,HOBBIES,258.0,227.63
2016-01-13,WI_1,HOUSEHOLD,476.0,440.88
2016-01-13,WI_2,FOODS,3182.0,2110.8
2016-01-13,WI_2,HOBBIES,228.0,138.3
2016-01-13,WI_2,HOUSEHOLD,811.0,565.86
2016-01-13,WI_3,FOODS,2063.0,1704.88
2016-01-13,WI_3,HOBBIES,161.0,137.13
2016-01-13,WI_3,HOUSEHOLD,552.0,412.43
2016-01-14,CA_1,FOODS,2149.0,1680.11
2016-01-14,CA_1,HOBBIES,491.0,281.31
2016-01-14,CA_1,HOUSEHOLD,765.0,531.52
2016-01-14,CA_2,FOODS,2176.0,1666.95
2016-01-14,CA_2,HOBBIES,283.0,214.91
2016-01-14,CA_2,HOUSEHOLD,743.0,575.09
2016-01-14,CA_3,FOODS,3060.0,2622.57
2016-01-14,CA_3,HOBBIES,515.0,339.41
2016-01-14,CA_3,HOUSEHOLD,1173.0,948.93
2016-01-14,CA_4,FOODS,1300.0,1032.48
2016-01-14,CA_4,HOBBIES,359.0,248.35
2016-01-14,CA_4,HOUSEHOLD,357.0,302.93
2016-01-14,TX_1,FOODS,1720.0,1288.0
2016-01-14,TX_1,HOBBIES,312.0,142.05
2016-01-14,TX_1,HOUSEHOLD,728.0,547.8
2016-01-14,TX_2,FOODS,2100.0,1598.31
2016-01-14,TX_2,HOBBIES,344.0,195.56
2016-01-14,TX_2,HOUSEHOLD,801.0,596.78
2016-01-14,TX_3,FOODS,2210.0,1621.2
2016-01-14,TX_3,HOBBIES,319.0,214.9
2016-01-14,TX_3,HOUSEHOLD,775.0,578.64
2016-01-14,WI_1,FOODS,2644.0,1745.41
2016-01-14,WI_1,HOBBIES,281.0,237.62
2016-01-14,WI_1,HOUSEHOLD,696.0,455.45
2016-01-14,WI_2,FOODS,4281.0,3009.39
2016-01-14,WI_2,HOBBIES,239.0,146.63
2016-01-14,WI_2,HOUSEHOLD,999.0,625.23
2016-01-14,WI_3,FOODS,3029.0,2188.3
2016-01-14,WI_3,HOBBIES,278.0,141.88
2016-01-14,WI_3,HOUSEHOLD,729.0,448.84
2016-01-15,CA_1,FOODS,2613.0,2047.93
2016-01-15,CA_1,HOBBIES,533.0,353.43
2016-01-15,CA_1,HOUSEHOLD,880.0,661.02
2016-01-15,CA_2,FOODS,2691.0,1923.56
2016-01-15,CA_2,HOBBIES,408.0,251.17
2016-01-15,CA_2,HOUSEHOLD,974.0,710.5
2016-01-15,CA_3,FOODS,3550.0,2724.55
2016-01-15,CA_3,HOBBIES,492.0,372.11
2016-01-15,CA_3,HOUSEHOLD,1291.0,1029.1
2016-01-15,CA_4,FOODS,1534.0,1066.97
2016-01-15,CA_4,HOBBIES,368.0,269.21
2016-01-15,CA_4,HOUSEHOLD,466.0,318.07
2016-01-15,TX_1,FOODS,2220.0,1570.51
2016-01-15,TX_1,HOBBIES,210.0,171.02
2016-01-15,TX_1,HOUSEHOLD,948.0,653.44
2016-01-15,TX_2,FOODS,2518.0,1954.2
2016-01-15,TX_2,HOBBIES,359.0,232.44
2016-01-15,TX_2,HOUSEHOLD,948.0,720.66
2016-01-15,TX_3,FOODS,2433.0,1965.89
2016-01-15,TX_3,HOBBIES,364.0,242.3
2016-01-15,TX_3,HOUSEHOLD,858.0,671.66
2016-01-15,WI_1,FOODS,3154.0,2181.37
2016-01-15,WI_1,HOBBIES,485.0,324.54
2016-01-15,WI_1,HOUSEHOLD,912.0,607.04
2016-01-15,WI_2,FOODS,4355.0,3176.04
2016-01-15,WI_2,HOBBIES,220.0,165.75
2016-01-15,WI_2,HOUSEHOLD,1254.0,767.53
2016-01-15,WI_3,FOODS,3552.0,2446.85
2016-01-15,WI_3,HOBBIES,291.0,183.47
2016-01-15,WI_3,HOUSEHOLD,909.0,592.05
2016-01-16,CA_1,FOODS,3771.0,2831.4
2016-01-16,CA_1,HOBBIES,670.0,458.92
2016-01-16,CA_1,HOUSEHOLD,1304.0,969.24
2016-01-16,CA_2,FOODS,3716.0,2778.2
2016-01-16,CA_2,HOBBIES,446.0,358.26
2016-01-16,CA_2,HOUSEHOLD,1545.0,1165.41
2016-01-16,CA_3,FOODS,4686.0,3724.74
2016-01-16,CA_3,HOBBIES,624.0,479.62
2016-01-16,CA_3,HOUSEHOLD,1930.0,1417.05
2016-01-16,CA_4,FOODS,1743.0,1354.83
2016-01-16,CA_4,HOBBIES,413.0,322.16
2016-01-16,CA_4,HOUSEHOLD,532.0,399.49
2016-01-16,TX_1,FOODS,2190.0,1841.41
2016-01-16,TX_1,HOBBIES,337.0,211.21
2016-01-16,TX_1,HOUSEHOLD,1063.0,848.34
2016-01-16,TX_2,FOODS,2951.0,2374.92
2016-01-16,TX_2,HOBBIES,392.0,292.43
2016-01-16,TX_2,HOUSEHOLD,1260.0,958.95
2016-01-16,TX_3,FOODS,2961.0,2160.21
2016-01-16,TX_3,HOBBIES,457.0,302.95
2016-01-16,TX_3,HOUSEHOLD,1153.0,864.12
2016-01-16,WI_1,FOODS,3878.0,3074.25
2016-01-16,WI_1,HOBBIES,697.0,485.17
2016-01-16,WI_1,HOUSEHOLD,1114.0,924.18
2016-01-16,WI_2,FOODS,4203.0,2971.85
2016-01-16,WI_2,HOBBIES,310.0,195.2
2016-01-16,WI_2,HOUSEHOLD,1332.0,885.14
2016-01-16,WI_3,FOODS,4056.0,2729.09
2016-01-16,WI_3,HOBBIES,378.0,216.58
2016-01-16,WI_3,HOUSEHOLD,1034.0,747.0
2016-01-17,CA_1,FOODS,3534.0,2757.53
2016-01-17,CA_1,HOBBIES,583.0,415.34
2016-01-17,CA_1,HOUSEHOLD,1305.0,950.21
2016-01-17,CA_2,FOODS,3531.0,2588.38
2016-01-17,CA_2,HOBBIES,452.0,313.36
2016-01-17,CA_2,HOUSEHOLD,1460.0,1084.07
2016-01-17,CA_3,FOODS,4647.0,3744.96
2016-01-17,CA_3,HOBBIES,792.0,490.17
2016-01-17,CA_3,HOUSEHOLD,1913.0,1432.6
2016-01-17,CA_4,FOODS,1670.0,1347.08
2016-01-17,CA_4,HOBBIES,459.0,290.26
2016-01-17,CA_4,HOUSEHOLD,506.0,394.53
2016-01-17,TX_1,FOODS,2368.0,1936.71
2016-01-17,TX_1,HOBBIES,300.0,212.61
2016-01-17,TX_1,HOUSEHOLD,1156.0,867.46
2016-01-17,TX_2,FOODS,3285.0,2450.56
2016-01-17,TX_2,HOBBIES,420.0,292.97
2016-01-17,TX_2,HOUSEHOLD,1329.0,935.32
2016-01-17,TX_3,FOODS,2790.0,2250.87
2016-01-17,TX_3,HOBBIES,433.0,305.25
2016-01-17,TX_3,HOUSEHOLD,1025.0,837.51
2016-01-17,WI_1,FOODS,2708.0,2392.71
2016-01-17,WI_1,HOBBIES,316.0,317.36
2016-01-17,WI_1,HOUSEHOLD,685.0,671.2
2016-01-17,WI_2,FOODS,3015.0,2589.62
2016-01-17,WI_2,HOBBIES,197.0,159.01
2016-01-17,WI_2,HOUSEHOLD,959.0,711.27
2016-01-17,WI_3,FOODS,2786.0,2492.78
2016-01-17,WI_3,HOBBIES,181.0,187.2
2016-01-17,WI_3,HOUSEHOLD,728.0,648.27
2016-01-18,CA_1,FOODS,2905.0,2112.73
2016-01-18,CA_1,HOBBIES,609.0,354.24
2016-01-18,CA_1,HOUSEHOLD,970.0,720.36
2016-01-18,CA_2,FOODS,2949.0,1858.48
2016-01-18,CA_2,HOBBIES,421.0,233.19
2016-01-18,CA_2,HOUSEHOLD,1230.0,727.58
2016-01-18,CA_3,FOODS,4151.0,3095.85
2016-01-18,CA_3,HOBBIES,427.0,395.0
2016-01-18,CA_3,HOUSEHOLD,1664.0,1219.44
2016-01-18,CA_4,FOODS,1862.0,1177.92
2016-01-18,CA_4,HOBBIES,308.0,255.39
2016-01-18,CA_4,HOUSEHOLD,508.0,347.05
2016-01-18,TX_1,FOODS,2015.0,1469.93
2016-01-18,TX_1,HOBBIES,234.0,159.77
2016-01-18,TX_1,HOUSEHOLD,907.0,637.12
2016-01-18,TX_2,FOODS,2391.0,1906.88
2016-01-18,TX_2,HOBBIES,372.0,230.34
2016-01-18,TX_2,HOUSEHOLD,991.0,719.12
2016-01-18,TX_3,FOODS,2465.0,1887.13
2016-01-18,TX_3,HOBBIES,379.0,244.1
2016-01-18,TX_3,HOUSEHOLD,931.0,676.04
2016-01-18,WI_1,FOODS,1958.0,1683.46
2016-01-18,WI_1,HOBBIES,234.0,236.38
2016-01-18,WI_1,HOUSEHOLD,527.0,510.75
2016-01-18,WI_2,FOODS,2909.0,2052.01
2016-01-18,WI_2,HOBBIES,199.0,127.86
2016-01-18,WI_2,HOUSEHOLD,791.0,559.93
2016-01-18,WI_3,FOODS,2267.0,1813.55
2016-01-18,WI_3,HOBBIES,146.0,143.01
2016-01-18,WI_3,HOUSEHOLD,620.0,459.35
2016-01-19,CA_1,FOODS,2038.0,1642.11
2016-01-19,CA_1,HOBBIES,360.0,292.83
2016-01-19,CA_1,HOUSEHOLD,628.0,549.65
2016-01-19,CA_2,FOODS,1995.0,1593.68
2016-01-19,CA_2,HOBBIES,370.0,196.32
2016-01-19,CA_2,HOUSEHOLD,687.0,579.09
2016-01-19,CA_3,FOODS,3610.0,2641.77
2016-01-19,CA_3,HOBBIES,387.0,342.18
2016-01-19,CA_3,HOUSEHOLD,1168.0,1014.41
2016-01-19,CA_4,FOODS,1376.0,1039.93
2016-01-19,CA_4,HOBBIES,381.0,239.85
2016-01-19,CA_4,HOUSEHOLD,383.0,310.62
2016-01-19,TX_1,FOODS,1563.0,1229.54
2016-01-19,TX_1,HOBBIES,250.0,137.31
2016-01-19,TX_1,HOUSEHOLD,776.0,556.1
2016-01-19,TX_2,FOODS,2125.0,1517.82
2016-01-19,TX_2,HOBBIES,294.0,185.51
2016-01-19,TX_2,HOUSEHOLD,860.0,587.02
2016-01-19,TX_3,FOODS,2099.0,1648.46
2016-01-19,TX_3,HOBBIES,358.0,212.12
2016-01-19,TX_3,HOUSEHOLD,685.0,586.37
2016-01-19,WI_1,FOODS,2015.0,1473.14
2016-01-19,WI_1,HOBBIES,298.0,200.23
2016-01-19,WI_1,HOUSEHOLD,593.0,414.17
2016-01-19,WI_2,FOODS,2732.0,2079.52
2016-01-19,WI_2,HOBBIES,182.0,135.55
2016-01-19,WI_2,HOUSEHOLD,698.0,607.89
2016-01-19,WI_3,FOODS,2311.0,1669.66
2016-01-19,WI_3,HOBBIES,168.0,138.41
2016-01-19,WI_3,HOUSEHOLD,598.0,440.33
2016-01-20,CA_1,FOODS,2169.0,1594.76
2016-01-20,CA_1,HOBBIES,502.0,286.8
2016-01-20,CA_1,HOUSEHOLD,873.0,525.56
2016-01-20,CA_2,FOODS,2157.0,1584.8
2016-01-20,CA_2,HOBBIES,277.0,198.48
2016-01-20,CA_2,HOUSEHOLD,741.0,571.27
2016-01-20,CA_3,FOODS,3547.0,2550.55
2016-01-20,CA_3,HOBBIES,495.0,330.91
2016-01-20,CA_3,HOUSEHOLD,1277.0,973.32
2016-01-20,CA_4,FOODS,1368.0,1014.85
2016-01-20,CA_4,HOBBIES,414.0,231.92
2016-01-20,CA_4,HOUSEHOLD,421.0,301.07
2016-01-20,TX_1,FOODS,1650.0,1200.0
2016-01-20,TX_1,HOBBIES,221.0,137.78
2016-01-20,TX_1,HOUSEHOLD,757.0,562.7
2016-01-20,TX_2,FOODS,1887.0,1515.14
2016-01-20,TX_2,HOBBIES,259.0,193.77
2016-01-20,TX_2,HOUSEHOLD,849.0,603.95
2016-01-20,TX_3,FOODS,2074.0,1584.02
2016-01-20,TX_3,HOBBIES,361.0,207.73
2016-01-20,TX_3,HOUSEHOLD,711.0,569.97
2016-01-20,WI_1,FOODS,2161.0,1536.14
2016-01-20,WI_1,HOBBIES,406.0,215.03
2016-01-20,WI_1,HOUSEHOLD,580.0,445.51
2016-01-20,WI_2,FOODS,2620.0,2037.91
2016-01-20,WI_2,HOBBIES,215.0,131.65
2016-01-20,WI_2,HOUSEHOLD,869.0,602.0
2016-01-20,WI_3,FOODS,2034.0,1655.45
2016-01-20,WI_3,HOBBIES,249.0,136.28
2016-01-20,WI_3,HOUSEHOLD,540.0,438.24
2016-01-21,CA_1,FOODS,2186.0,1597.85
2016-01-21,CA_1,HOBBIES,572.0,291.39
2016-01-21,CA_1,HOUSEHOLD,744.0,540.48
2016-01-21,CA_2,FOODS,1989.0,1625.78
2016-01-21,CA_2,HOBBIES,331.0,196.3
2016-01-21,CA_2,HOUSEHOLD,750.0,575.32
2016-01-21,CA_3,FOODS,3320.0,2550.54
2016-01-21,CA_3,HOBBIES,504.0,326.79
2016-01-21,CA_3,HOUSEHOLD,1294.0,967.82
2016-01-21,CA_4,FOODS,1364.0,1004.97
2016-01-21,CA_4,HOBBIES,425.0,238.2
2016-01-21,CA_4,HOUSEHOLD,458.0,299.82
2016-01-21,TX_1,FOODS,1413.0,1181.3
2016-01-21,TX_1,HOBBIES,222.0,136.88
2016-01-21,TX_1,HOUSEHOLD,769.0,554.88
2016-01-21,TX_2,FOODS,2035.0,1468.25
2016-01-21,TX_2,HOBBIES,254.0,189.28
2016-01-21,TX_2,HOUSEHOLD,845.0,606.16
2016-01-21,TX_3,FOODS,2057.0,1524.0
2016-01-21,TX_3,HOBBIES,332.0,207.2
2016-01-21,TX_3,HOUSEHOLD,730.0,554.63
2016-01-21,WI_1,FOODS,1909.0,1495.04
2016-01-21,WI_1,HOBBIES,362.0,210.08
2016-01-21,WI_1,HOUSEHOLD,544.0,425.57
2016-01-21,WI_2,FOODS,2653.0,1986.25
2016-01-21,WI_2,HOBBIES,186.0,130.33
2016-01-21,WI_2,HOUSEHOLD,849.0,624.61
2016-01-21,WI_3,FOODS,1967.0,1609.56
2016-01-21,WI_3,HOBBIES,186.0,133.82
2016-01-21,WI_3,HOUSEHOLD,529.0,433.87
2016-01-22,CA_1,FOODS,2320.0,1965.67
2016-01-22,CA_1,HOBBIES,469.0,343.61
2016-01-22,CA_1,HOUSEHOLD,823.0,667.61
2016-01-22,CA_2,FOODS,2504.0,1893.08
2016-01-22,CA_2,HOBBIES,402.0,233.0
2016-01-22,CA_2,HOUSEHOLD,881.0,705.92
2016-01-22,CA_3,FOODS,3399.0,2772.75
2016-01-22,CA_3,HOBBIES,569.0,356.95
2016-01-22,CA_3,HOUSEHOLD,1256.0,1085.4
2016-01-22,CA_4,FOODS,1639.0,1079.09
2016-01-22,CA_4,HOBBIES,406.0,247.71
2016-01-22,CA_4,HOUSEHOLD,434.0,317.29
2016-01-22,TX_1,FOODS,1830.0,1213.18
2016-01-22,TX_1,HOBBIES,258.0,153.58
2016-01-22,TX_1,HOUSEHOLD,800.0,617.59
2016-01-22,TX_2,FOODS,2239.0,1681.25
2016-01-22,TX_2,HOBBIES,384.0,219.31
2016-01-22,TX_2,HOUSEHOLD,979.0,728.93
2016-01-22,TX_3,FOODS,2377.0,1616.21
2016-01-22,TX_3,HOBBIES,414.0,241.24
2016-01-22,TX_3,HOUSEHOLD,851.0,648.17
2016-01-22,WI_1,FOODS,2413.0,1806.17
2016-01-22,WI_1,HOBBIES,413.0,267.56
2016-01-22,WI_1,HOUSEHOLD,723.0,540.84
2016-01-22,WI_2,FOODS,2893.0,2045.02
2016-01-22,WI_2,HOBBIES,227.0,150.68
2016-01-22,WI_2,HOUSEHOLD,1026.0,775.47
2016-01-22,WI_3,FOODS,2373.0,1734.78
2016-01-22,WI_3,HOBBIES,221.0,170.32
2016-01-22,WI_3,HOUSEHOLD,784.0,556.96
2016-01-23,CA_1,FOODS,3728.0,2780.62
2016-01-23,CA_1,HOBBIES,712.0,439.85
2016-01-23,CA_1,HOUSEHOLD,1483.0,988.01
2016-01-23,CA_2,FOODS,3663.0,2815.51
2016-01-23,CA_2,HOBBIES,614.0,352.41
2016-01-23,CA_2,HOUSEHOLD,1680.0,1201.4
2016-01-23,CA_3,FOODS,5070.0,3759.07
2016-01-23,CA_3,HOBBIES,708.0,469.95
2016-01-23,CA_3,HOUSEHOLD,2102.0,1484.31
2016-01-23,CA_4,FOODS,2019.0,1340.39
2016-01-23,CA_4,HOBBIES,449.0,305.31
2016-01-23,CA_4,HOUSEHOLD,615.0,393.84
2016-01-23,TX_1,FOODS,1956.0,1627.42
2016-01-23,TX_1,HOBBIES,316.0,198.37
2016-01-23,TX_1,HOUSEHOLD,1131.0,869.81
2016-01-23,TX_2,FOODS,2846.0,2321.81
2016-01-23,TX_2,HOBBIES,324.0,289.37
2016-01-23,TX_2,HOUSEHOLD,1277.0,1016.08
2016-01-23,TX_3,FOODS,2500.0,2126.71
2016-01-23,TX_3,HOBBIES,416.0,309.72
2016-01-23,TX_3,HOUSEHOLD,1070.0,879.52
2016-01-23,WI_1,FOODS,3170.0,2842.78
2016-01-23,WI_1,HOBBIES,608.0,473.16
2016-01-23,WI_1,HOUSEHOLD,998.0,892.88
2016-01-23,WI_2,FOODS,3366.0,2490.62
2016-01-23,WI_2,HOBBIES,297.0,192.75
2016-01-23,WI_2,HOUSEHOLD,1376.0,905.19
2016-01-23,WI_3,FOODS,3106.0,2412.01
2016-01-23,WI_3,HOBBIES,368.0,203.86
2016-01-23,WI_3,HOUSEHOLD,959.0,751.17
2016-01-24,CA_1,FOODS,3440.0,2675.69
2016-01-24,CA_1,HOBBIES,475.0,407.3
2016-01-24,CA_1,HOUSEHOLD,1332.0,994.32
2016-01-24,CA_2,FOODS,3687.0,2629.38
2016-01-24,CA_2,HOBBIES,426.0,315.9
2016-01-24,CA_2,HOUSEHOLD,1534.0,1127.93
2016-01-24,CA_3,FOODS,5350.0,3885.82
2016-01-24,CA_3,HOBBIES,765.0,470.51
2016-01-24,CA_3,HOUSEHOLD,2049.0,1496.37
2016-01-24,CA_4,FOODS,1874.0,1380.03
2016-01-24,CA_4,HOBBIES,327.0,303.68
2016-01-24,CA_4,HOUSEHOLD,586.0,405.52
2016-01-24,TX_1,FOODS,2188.0,1713.74
2016-01-24,TX_1,HOBBIES,300.0,206.58
2016-01-24,TX_1,HOUSEHOLD,1151.0,877.59
2016-01-24,TX_2,FOODS,3007.0,2380.14
2016-01-24,TX_2,HOBBIES,429.0,289.73
2016-01-24,TX_2,HOUSEHOLD,1358.0,998.06
2016-01-24,TX_3,FOODS,2794.0,2153.85
2016-01-24,TX_3,HOBBIES,418.0,310.89
2016-01-24,TX_3,HOUSEHOLD,1074.0,831.68
2016-01-24,WI_1,FOODS,3202.0,2226.83
2016-01-24,WI_1,HOBBIES,483.0,311.81
2016-01-24,WI_1,HOUSEHOLD,915.0,653.32
2016-01-24,WI_2,FOODS,3253.0,2203.16
2016-01-24,WI_2,HOBBIES,231.0,153.19
2016-01-24,WI_2,HOUSEHOLD,1186.0,720.56
2016-01-24,WI_3,FOODS,2815.0,2129.15
2016-01-24,WI_3,HOBBIES,253.0,176.95
2016-01-24,WI_3,HOUSEHOLD,930.0,629.64
2016-01-25,CA_1,FOODS,2289.0,1779.34
2016-01-25,CA_1,HOBBIES,510.0,295.39
2016-01-25,CA_1,HOUSEHOLD,942.0,655.3
2016-01-25,CA_2,FOODS,2119.0,1710.64
2016-01-25,CA_2,HOBBIES,364.0,207.3
2016-01-25,CA_2,HOUSEHOLD,757.0,645.28
2016-01-25,CA_3,FOODS,4072.0,3056.13
2016-01-25,CA_3,HOBBIES,528.0,364.25
2016-01-25,CA_3,HOUSEHOLD,1771.0,1155.8
2016-01-25,CA_4,FOODS,1691.0,1178.54
2016-01-25,CA_4,HOBBIES,321.0,260.35
2016-01-25,CA_4,HOUSEHOLD,475.0,356.2
2016-01-25,TX_1,FOODS,1651.0,1249.81
2016-01-25,TX_1,HOBBIES,248.0,148.5
2016-01-25,TX_1,HOUSEHOLD,767.0,621.46
2016-01-25,TX_2,FOODS,2016.0,1774.63
2016-01-25,TX_2,HOBBIES,409.0,215.25
2016-01-25,TX_2,HOUSEHOLD,1016.0,716.28
2016-01-25,TX_3,FOODS,2339.0,1798.22
2016-01-25,TX_3,HOBBIES,326.0,246.81
2016-01-25,TX_3,HOUSEHOLD,873.0,660.99
2016-01-25,WI_1,FOODS,1962.0,1433.35
2016-01-25,WI_1,HOBBIES,282.0,205.6
2016-01-25,WI_1,HOUSEHOLD,554.0,416.78
2016-01-25,WI_2,FOODS,2238.0,1923.17
2016-01-25,WI_2,HOBBIES,229.0,131.83
2016-01-25,WI_2,HOUSEHOLD,834.0,629.91
2016-01-25,WI_3,FOODS,1882.0,1584.22
2016-01-25,WI_3,HOBBIES,288.0,139.38
2016-01-25,WI_3,HOUSEHOLD,636.0,459.73
2016-01-26,CA_1,FOODS,2049.0,1503.28
2016-01-26,CA_1,HOBBIES,447.0,260.13
2016-01-26,CA_1,HOUSEHOLD,750.0,552.99
2016-01-26,CA_2,FOODS,2209.0,1594.67
2016-01-26,CA_2,HOBBIES,272.0,195.5
2016-01-26,CA_2,HOUSEHOLD,813.0,581.67
2016-01-26,CA_3,FOODS,3368.0,2775.11
2016-01-26,CA_3,HOBBIES,544.0,337.81
2016-01-26,CA_3,HOUSEHOLD,1332.0,1060.31
2016-01-26,CA_4,FOODS,1389.0,1056.8
2016-01-26,CA_4,HOBBIES,277.0,242.71
2016-01-26,CA_4,HOUSEHOLD,422.0,322.68
2016-01-26,TX_1,FOODS,1390.0,1092.7
2016-01-26,TX_1,HOBBIES,294.0,126.42
2016-01-26,TX_1,HOUSEHOLD,742.0,543.2
2016-01-26,TX_2,FOODS,1825.0,1462.68
2016-01-26,TX_2,HOBBIES,241.0,187.55
2016-01-26,TX_2,HOUSEHOLD,732.0,615.83
2016-01-26,TX_3,FOODS,1932.0,1576.72
2016-01-26,TX_3,HOBBIES,281.0,204.67
2016-01-26,TX_3,HOUSEHOLD,721.0,558.51
2016-01-26,WI_1,FOODS,1737.0,1370.64
2016-01-26,WI_1,HOBBIES,276.0,200.85
2016-01-26,WI_1,HOUSEHOLD,453.0,398.1
2016-01-26,WI_2,FOODS,2270.0,1870.74
2016-01-26,WI_2,HOBBIES,185.0,133.83
2016-01-26,WI_2,HOUSEHOLD,931.0,646.28
2016-01-26,WI_3,FOODS,1812.0,1488.11
2016-01-26,WI_3,HOBBIES,223.0,142.37
2016-01-26,WI_3,HOUSEHOLD,529.0,434.99
2016-01-27,CA_1,FOODS,1970.0,1481.59
2016-01-27,CA_1,HOBBIES,401.0,261.17
2016-01-27,CA_1,HOUSEHOLD,660.0,527.69
2016-01-27,CA_2,FOODS,2098.0,1593.85
2016-01-27,CA_2,HOBBIES,344.0,196.78
2016-01-27,CA_2,HOUSEHOLD,747.0,578.53
2016-01-27,CA_3,FOODS,3250.0,2620.67
2016-01-27,CA_3,HOBBIES,582.0,335.77
2016-01-27,CA_3,HOUSEHOLD,1477.0,1015.89
2016-01-27,CA_4,FOODS,1392.0,1034.88
2016-01-27,CA_4,HOBBIES,450.0,234.0
2016-01-27,CA_4,HOUSEHOLD,397.0,314.52
2016-01-27,TX_1,FOODS,1383.0,1088.52
2016-01-27,TX_1,HOBBIES,275.0,130.62
2016-01-27,TX_1,HOUSEHOLD,699.0,542.5
2016-01-27,TX_2,FOODS,1985.0,1462.64
2016-01-27,TX_2,HOBBIES,338.0,192.72
2016-01-27,TX_2,HOUSEHOLD,893.0,625.99
2016-01-27,TX_3,FOODS,1891.0,1524.03
2016-01-27,TX_3,HOBBIES,396.0,199.49
2016-01-27,TX_3,HOUSEHOLD,652.0,543.84
2016-01-27,WI_1,FOODS,2028.0,1463.18
2016-01-27,WI_1,HOBBIES,307.0,227.49
2016-01-27,WI_1,HOUSEHOLD,602.0,430.53
2016-01-27,WI_2,FOODS,2330.0,1872.31
2016-01-27,WI_2,HOBBIES,264.0,136.14
2016-01-27,WI_2,HOUSEHOLD,906.0,673.84
2016-01-27,WI_3,FOODS,1805.0,1448.27
2016-01-27,WI_3,HOBBIES,239.0,142.1
2016-01-27,WI_3,HOUSEHOLD,588.0,428.13
2016-01-28,CA_1,FOODS,2017.0,1508.23
2016-01-28,CA_1,HOBBIES,460.0,264.99
2016-01-28,CA_1,HOUSEHOLD,696.0,535.49
2016-01-28,CA_2,FOODS,2079.0,1634.41
2016-01-28,CA_2,HOBBIES,384.0,200.48
2016-01-28,CA_2,HOUSEHOLD,748.0,579.72
2016-01-28,CA_3,FOODS,3344.0,2580.48
2016-01-28,CA_3,HOBBIES,513.0,336.0
2016-01-28,CA_3,HOUSEHOLD,1404.0,1013.3
2016-01-28,CA_4,FOODS,1342.0,1043.67
2016-01-28,CA_4,HOBBIES,382.0,235.1
2016-01-28,CA_4,HOUSEHOLD,429.0,313.83
2016-01-28,TX_1,FOODS,1511.0,1092.43
2016-01-28,TX_1,HOBBIES,251.0,134.07
2016-01-28,TX_1,HOUSEHOLD,735.0,547.25
2016-01-28,TX_2,FOODS,2080.0,1481.86
2016-01-28,TX_2,HOBBIES,297.0,199.51
2016-01-28,TX_2,HOUSEHOLD,887.0,638.27
2016-01-28,TX_3,FOODS,2071.0,1497.15
2016-01-28,TX_3,HOBBIES,321.0,199.27
2016-01-28,TX_3,HOUSEHOLD,743.0,540.28
2016-01-28,WI_1,FOODS,2090.0,1503.59
2016-01-28,WI_1,HOBBIES,343.0,236.81
2016-01-28,WI_1,HOUSEHOLD,603.0,438.92
2016-01-28,WI_2,FOODS,2579.0,1937.53
2016-01-28,WI_2,HOBBIES,241.0,138.39
2016-01-28,WI_2,HOUSEHOLD,1141.0,712.71
2016-01-28,WI_3,FOODS,1998.0,1480.79
2016-01-28,WI_3,HOBBIES,228.0,145.57
2016-01-28,WI_3,HOUSEHOLD,549.0,443.77
2016-01-29,CA_1,FOODS,2537.0,1862.58
2016-01-29,CA_1,HOBBIES,469.0,322.18
2016-01-29,CA_1,HOUSEHOLD,865.0,666.04
2016-01-29,CA_2,FOODS,2556.0,1900.57
2016-01-29,CA_2,HOBBIES,431.0,237.66
2016-01-29,CA_2,HOUSEHOLD,977.0,709.62
2016-01-29,CA_3,FOODS,3466.0,2788.75
2016-01-29,CA_3,HOBBIES,603.0,388.05
2016-01-29,CA_3,HOUSEHOLD,1568.0,1148.57
2016-01-29,CA_4,FOODS,1562.0,1137.29
2016-01-29,CA_4,HOBBIES,424.0,268.2
2016-01-29,CA_4,HOUSEHOLD,446.0,338.63
2016-01-29,TX_1,FOODS,1615.0,1187.85
2016-01-29,TX_1,HOBBIES,236.0,155.53
2016-01-29,TX_1,HOUSEHOLD,842.0,635.5
2016-01-29,TX_2,FOODS,2119.0,1757.78
2016-01-29,TX_2,HOBBIES,395.0,258.11
2016-01-29,TX_2,HOUSEHOLD,1048.0,837.85
2016-01-29,TX_3,FOODS,2219.0,1709.71
2016-01-29,TX_3,HOBBIES,353.0,251.99
2016-01-29,TX_3,HOUSEHOLD,914.0,712.27
2016-01-29,WI_1,FOODS,2525.0,1965.24
2016-01-29,WI_1,HOBBIES,470.0,320.02
2016-01-29,WI_1,HOUSEHOLD,850.0,611.5
2016-01-29,WI_2,FOODS,3043.0,2218.88
2016-01-29,WI_2,HOBBIES,283.0,185.75
2016-01-29,WI_2,HOUSEHOLD,1243.0,1102.62
2016-01-29,WI_3,FOODS,2413.0,1788.9
2016-01-29,WI_3,HOBBIES,314.0,201.21
2016-01-29,WI_3,HOUSEHOLD,853.0,650.98
2016-01-30,CA_1,FOODS,3481.0,2672.55
2016-01-30,CA_1,HOBBIES,645.0,421.67
2016-01-30,CA_1,HOUSEHOLD,1372.0,987.0
2016-01-30,CA_2,FOODS,3703.0,2797.37
2016-01-30,CA_2,HOBBIES,515.0,356.49
2016-01-30,CA_2,HOUSEHOLD,1655.0,1198.65
2016-01-30,CA_3,FOODS,4287.0,3781.23
2016-01-30,CA_3,HOBBIES,759.0,484.93
2016-01-30,CA_3,HOUSEHOLD,2171.0,1562.9
2016-01-30,CA_4,FOODS,1743.0,1388.54
2016-01-30,CA_4,HOBBIES,492.0,302.41
2016-01-30,CA_4,HOUSEHOLD,571.0,412.64
2016-01-30,TX_1,FOODS,1915.0,1561.68
2016-01-30,TX_1,HOBBIES,330.0,205.53
2016-01-30,TX_1,HOUSEHOLD,1102.0,866.85
2016-01-30,TX_2,FOODS,2658.0,2279.57
2016-01-30,TX_2,HOBBIES,431.0,301.09
2016-01-30,TX_2,HOUSEHOLD,1295.0,1039.01
2016-01-30,TX_3,FOODS,2657.0,2109.44
2016-01-30,TX_3,HOBBIES,512.0,294.27
2016-01-30,TX_3,HOUSEHOLD,1033.0,879.88
2016-01-30,WI_1,FOODS,3758.0,2993.3
2016-01-30,WI_1,HOBBIES,735.0,507.8
2016-01-30,WI_1,HOUSEHOLD,1045.0,941.91
2016-01-30,WI_2,FOODS,3531.0,2639.88
2016-01-30,WI_2,HOBBIES,340.0,213.77
2016-01-30,WI_2,HOUSEHOLD,1715.0,1061.98
2016-01-30,WI_3,FOODS,3130.0,2312.41
2016-01-30,WI_3,HOBBIES,380.0,217.86
2016-01-30,WI_3,HOUSEHOLD,1143.0,760.42
2016-01-31,CA_1,FOODS,3910.0,2880.38
2016-01-31,CA_1,HOBBIES,674.0,446.58
2016-01-31,CA_1,HOUSEHOLD,1448.0,1096.03
2016-01-31,CA_2,FOODS,3834.0,2604.51
2016-01-31,CA_2,HOBBIES,518.0,318.18
2016-01-31,CA_2,HOUSEHOLD,1685.0,1097.02
2016-01-31,CA_3,FOODS,4848.0,3972.24
2016-01-31,CA_3,HOBBIES,848.0,513.73
2016-01-31,CA_3,HOUSEHOLD,2398.0,1673.93
2016-01-31,CA_4,FOODS,2055.0,1432.56
2016-01-31,CA_4,HOBBIES,655.0,299.42
2016-01-31,CA_4,HOUSEHOLD,633.0,422.56
2016-01-31,TX_1,FOODS,2258.0,1768.46
2016-01-31,TX_1,HOBBIES,361.0,221.16
2016-01-31,TX_1,HOUSEHOLD,1108.0,961.18
2016-01-31,TX_2,FOODS,2952.0,2454.74
2016-01-31,TX_2,HOBBIES,449.0,324.04
2016-01-31,TX_2,HOUSEHOLD,1311.0,1116.35
2016-01-31,TX_3,FOODS,2907.0,2318.93
2016-01-31,TX_3,HOBBIES,604.0,303.38
2016-01-31,TX_3,HOUSEHOLD,1064.0,898.37
2016-01-31,WI_1,FOODS,3494.0,2805.18
2016-01-31,WI_1,HOBBIES,518.0,358.01
2016-01-31,WI_1,HOUSEHOLD,1022.0,805.32
2016-01-31,WI_2,FOODS,3397.0,2436.39
2016-01-31,WI_2,HOBBIES,227.0,183.24
2016-01-31,WI_2,HOUSEHOLD,1291.0,933.2
2016-01-31,WI_3,FOODS,3043.0,2279.08
2016-01-31,WI_3,HOBBIES,300.0,209.46
2016-01-31,WI_3,HOUSEHOLD,1019.0,726.68
2016-02-01,CA_1,FOODS,2606.0,2200.87
2016-02-01,CA_1,HOBBIES,527.0,351.17
2016-02-01,CA_1,HOUSEHOLD,942.0,776.51
2016-02-01,CA_2,FOODS,2169.0,1714.86
2016-02-01,CA_2,HOBBIES,307.0,214.71
2016-02-01,CA_2,HOUSEHOLD,978.0,651.21
2016-02-01,CA_3,FOODS,3979.0,3454.43
2016-02-01,CA_3,HOBBIES,740.0,406.45
2016-02-01,CA_3,HOUSEHOLD,1727.0,1353.96
2016-02-01,CA_4,FOODS,1747.0,1306.32
2016-02-01,CA_4,HOBBIES,372.0,272.61
2016-02-01,CA_4,HOUSEHOLD,524.0,381.6
2016-02-01,TX_1,FOODS,2021.0,1497.03
2016-02-01,TX_1,HOBBIES,245.0,165.07
2016-02-01,TX_1,HOUSEHOLD,947.0,686.57
2016-02-01,TX_2,FOODS,2783.0,2138.7
2016-02-01,TX_2,HOBBIES,410.0,263.78
2016-02-01,TX_2,HOUSEHOLD,1032.0,859.56
2016-02-01,TX_3,FOODS,2794.0,2180.93
2016-02-01,TX_3,HOBBIES,411.0,273.97
2016-02-01,TX_3,HOUSEHOLD,1057.0,759.42
2016-02-01,WI_1,FOODS,2619.0,1556.42
2016-02-01,WI_1,HOBBIES,426.0,206.05
2016-02-01,WI_1,HOUSEHOLD,695.0,442.12
2016-02-01,WI_2,FOODS,3398.0,2158.21
2016-02-01,WI_2,HOBBIES,362.0,161.07
2016-02-01,WI_2,HOUSEHOLD,1958.0,821.86
2016-02-01,WI_3,FOODS,2574.0,1715.21
2016-02-01,WI_3,HOBBIES,304.0,168.55
2016-02-01,WI_3,HOUSEHOLD,1060.0,541.85
2016-02-02,CA_1,FOODS,2467.0,1914.58
2016-02-02,CA_1,HOBBIES,429.0,315.59
2016-02-02,CA_1,HOUSEHOLD,869.0,657.97
2016-02-02,CA_2,FOODS,2238.0,1620.3
2016-02-02,CA_2,HOBBIES,314.0,205.25
2016-02-02,CA_2,HOUSEHOLD,808.0,603.55
2016-02-02,CA_3,FOODS,3703.0,3161.23
2016-02-02,CA_3,HOBBIES,570.0,384.24
2016-02-02,CA_3,HOUSEHOLD,1449.0,1217.94
2016-02-02,CA_4,FOODS,1427.0,1154.99
2016-02-02,CA_4,HOBBIES,421.0,255.9
2016-02-02,CA_4,HOUSEHOLD,451.0,339.39
2016-02-02,TX_1,FOODS,1585.0,1190.9
2016-02-02,TX_1,HOBBIES,290.0,146.07
2016-02-02,TX_1,HOUSEHOLD,806.0,588.67
2016-02-02,TX_2,FOODS,2039.0,1580.25
2016-02-02,TX_2,HOBBIES,306.0,211.9
2016-02-02,TX_2,HOUSEHOLD,776.0,685.4
2016-02-02,TX_3,FOODS,1985.0,1689.29
2016-02-02,TX_3,HOBBIES,310.0,233.67
2016-02-02,TX_3,HOUSEHOLD,846.0,628.79
2016-02-02,WI_1,FOODS,1825.0,1786.54
2016-02-02,WI_1,HOBBIES,208.0,227.88
2016-02-02,WI_1,HOUSEHOLD,427.0,472.65
2016-02-02,WI_2,FOODS,3666.0,3072.13
2016-02-02,WI_2,HOBBIES,281.0,173.32
2016-02-02,WI_2,HOUSEHOLD,1222.0,913.47
2016-02-02,WI_3,FOODS,2398.0,2272.37
2016-02-02,WI_3,HOBBIES,175.0,175.2
2016-02-02,WI_3,HOUSEHOLD,637.0,577.55
2016-02-03,CA_1,FOODS,2537.0,1900.4
2016-02-03,CA_1,HOBBIES,638.0,317.24
2016-02-03,CA_1,HOUSEHOLD,808.0,641.69
2016-02-03,CA_2,FOODS,2070.0,1627.86
2016-02-03,CA_2,HOBBIES,281.0,205.57
2016-02-03,CA_2,HOUSEHOLD,963.0,607.53
2016-02-03,CA_3,FOODS,3709.0,3067.25
2016-02-03,CA_3,HOBBIES,480.0,372.01
2016-02-03,CA_3,HOUSEHOLD,1551.0,1171.24
2016-02-03,CA_4,FOODS,1520.0,1130.32
2016-02-03,CA_4,HOBBIES,371.0,254.29
2016-02-03,CA_4,HOUSEHOLD,444.0,332.66
2016-02-03,TX_1,FOODS,1870.0,1403.38
2016-02-03,TX_1,HOBBIES,326.0,154.61
2016-02-03,TX_1,HOUSEHOLD,885.0,610.56
2016-02-03,TX_2,FOODS,2517.0,1857.93
2016-02-03,TX_2,HOBBIES,312.0,226.74
2016-02-03,TX_2,HOUSEHOLD,893.0,726.18
2016-02-03,TX_3,FOODS,2676.0,1918.86
2016-02-03,TX_3,HOBBIES,418.0,246.2
2016-02-03,TX_3,HOUSEHOLD,997.0,674.28
2016-02-03,WI_1,FOODS,2212.0,1795.51
2016-02-03,WI_1,HOBBIES,331.0,239.65
2016-02-03,WI_1,HOUSEHOLD,592.0,476.33
2016-02-03,WI_2,FOODS,4096.0,3159.92
2016-02-03,WI_2,HOBBIES,302.0,175.75
2016-02-03,WI_2,HOUSEHOLD,1388.0,956.86
2016-02-03,WI_3,FOODS,3091.0,2253.51
2016-02-03,WI_3,HOBBIES,274.0,175.71
2016-02-03,WI_3,HOUSEHOLD,788.0,570.83
2016-02-04,CA_1,FOODS,2616.0,1885.26
2016-02-04,CA_1,HOBBIES,491.0,299.12
2016-02-04,CA_1,HOUSEHOLD,821.0,625.02
2016-02-04,CA_2,FOODS,2302.0,1671.02
2016-02-04,CA_2,HOBBIES,327.0,208.28
2016-02-04,CA_2,HOUSEHOLD,704.0,620.94
2016-02-04,CA_3,FOODS,3808.0,3072.69
2016-02-04,CA_3,HOBBIES,542.0,360.4
2016-02-04,CA_3,HOUSEHOLD,1601.0,1162.16
2016-02-04,CA_4,FOODS,1358.0,1099.77
2016-02-04,CA_4,HOBBIES,400.0,250.5
2016-02-04,CA_4,HOUSEHOLD,486.0,321.98
2016-02-04,TX_1,FOODS,1675.0,1190.08
2016-02-04,TX_1,HOBBIES,254.0,147.68
2016-02-04,TX_1,HOUSEHOLD,716.0,595.32
2016-02-04,TX_2,FOODS,2079.0,1645.67
2016-02-04,TX_2,HOBBIES,350.0,221.91
2016-02-04,TX_2,HOUSEHOLD,816.0,693.65
2016-02-04,TX_3,FOODS,2118.0,1661.27
2016-02-04,TX_3,HOBBIES,451.0,239.62
2016-02-04,TX_3,HOUSEHOLD,852.0,642.13
2016-02-04,WI_1,FOODS,1915.0,1578.32
2016-02-04,WI_1,HOBBIES,313.0,230.42
2016-02-04,WI_1,HOUSEHOLD,603.0,449.78
2016-02-04,WI_2,FOODS,3154.0,2190.41
2016-02-04,WI_2,HOBBIES,243.0,157.42
2016-02-04,WI_2,HOUSEHOLD,1210.0,841.15
2016-02-04,WI_3,FOODS,2275.0,1612.46
2016-02-04,WI_3,HOBBIES,226.0,150.2
2016-02-04,WI_3,HOUSEHOLD,718.0,494.47
2016-02-05,CA_1,FOODS,2877.0,2260.29
2016-02-05,CA_1,HOBBIES,503.0,351.91
2016-02-05,CA_1,HOUSEHOLD,947.0,735.46
2016-02-05,CA_2,FOODS,2746.0,1981.48
2016-02-05,CA_2,HOBBIES,534.0,251.18
2016-02-05,CA_2,HOUSEHOLD,996.0,755.77
2016-02-05,CA_3,FOODS,3898.0,3227.25
2016-02-05,CA_3,HOBBIES,487.0,388.11
2016-02-05,CA_3,HOUSEHOLD,1601.0,1241.69
2016-02-05,CA_4,FOODS,1473.0,1170.43
2016-02-05,CA_4,HOBBIES,398.0,257.34
2016-02-05,CA_4,HOUSEHOLD,445.0,341.57
2016-02-05,TX_1,FOODS,1879.0,1483.62
2016-02-05,TX_1,HOBBIES,295.0,178.78
2016-02-05,TX_1,HOUSEHOLD,775.0,704.03
2016-02-05,TX_2,FOODS,2413.0,2074.92
2016-02-05,TX_2,HOBBIES,387.0,254.06
2016-02-05,TX_2,HOUSEHOLD,937.0,827.08
2016-02-05,TX_3,FOODS,2312.0,2081.44
2016-02-05,TX_3,HOBBIES,434.0,290.47
2016-02-05,TX_3,HOUSEHOLD,918.0,813.49
2016-02-05,WI_1,FOODS,2507.0,2168.56
2016-02-05,WI_1,HOBBIES,418.0,324.53
2016-02-05,WI_1,HOUSEHOLD,751.0,618.68
2016-02-05,WI_2,FOODS,3957.0,3160.74
2016-02-05,WI_2,HOBBIES,301.0,183.8
2016-02-05,WI_2,HOUSEHOLD,1248.0,1075.21
2016-02-05,WI_3,FOODS,2660.0,2521.13
2016-02-05,WI_3,HOBBIES,282.0,210.67
2016-02-05,WI_3,HOUSEHOLD,814.0,752.8
2016-02-06,CA_1,FOODS,4300.0,3241.38
2016-02-06,CA_1,HOBBIES,715.0,480.96
2016-02-06,CA_1,HOUSEHOLD,1397.0,1136.39
2016-02-06,CA_2,FOODS,4043.0,2903.49
2016-02-06,CA_2,HOBBIES,573.0,359.04
2016-02-06,CA_2,HOUSEHOLD,1534.0,1240.68
2016-02-06,CA_3,FOODS,4777.0,4292.96
2016-02-06,CA_3,HOBBIES,735.0,504.35
2016-02-06,CA_3,HOUSEHOLD,1835.0,1746.71
2016-02-06,CA_4,FOODS,2231.0,1483.8
2016-02-06,CA_4,HOBBIES,478.0,309.86
2016-02-06,CA_4,HOUSEHOLD,592.0,435.77
2016-02-06,TX_1,FOODS,2458.0,1885.55
2016-02-06,TX_1,HOBBIES,290.0,225.06
2016-02-06,TX_1,HOUSEHOLD,1191.0,933.59
2016-02-06,TX_2,FOODS,3508.0,2596.65
2016-02-06,TX_2,HOBBIES,428.0,308.81
2016-02-06,TX_2,HOUSEHOLD,1304.0,1068.56
2016-02-06,TX_3,FOODS,2848.0,2379.12
2016-02-06,TX_3,HOBBIES,473.0,343.14
2016-02-06,TX_3,HOUSEHOLD,1111.0,951.32
2016-02-06,WI_1,FOODS,3699.0,3046.16
2016-02-06,WI_1,HOBBIES,690.0,509.66
2016-02-06,WI_1,HOUSEHOLD,1127.0,871.85
2016-02-06,WI_2,FOODS,5284.0,3645.1
2016-02-06,WI_2,HOBBIES,356.0,226.85
2016-02-06,WI_2,HOUSEHOLD,1406.0,1187.24
2016-02-06,WI_3,FOODS,4264.0,3138.53
2016-02-06,WI_3,HOBBIES,359.0,236.32
2016-02-06,WI_3,HOUSEHOLD,1034.0,881.09
2016-02-07,CA_1,FOODS,3464.0,2821.45
2016-02-07,CA_1,HOBBIES,481.0,393.27
2016-02-07,CA_1,HOUSEHOLD,1041.0,980.62
2016-02-07,CA_2,FOODS,3012.0,2468.17
2016-02-07,CA_2,HOBBIES,270.0,278.94
2016-02-07,CA_2,HOUSEHOLD,969.0,1002.2
2016-02-07,CA_3,FOODS,4419.0,4219.6
2016-02-07,CA_3,HOBBIES,578.0,473.16
2016-02-07,CA_3,HOUSEHOLD,1699.0,1658.38
2016-02-07,CA_4,FOODS,1833.0,1411.59
2016-02-07,CA_4,HOBBIES,431.0,288.0
2016-02-07,CA_4,HOUSEHOLD,463.0,387.93
2016-02-07,TX_1,FOODS,2602.0,2108.93
2016-02-07,TX_1,HOBBIES,459.0,227.93
2016-02-07,TX_1,HOUSEHOLD,973.0,919.64
2016-02-07,TX_2,FOODS,3500.0,2768.35
2016-02-07,TX_2,HOBBIES,453.0,299.01
2016-02-07,TX_2,HOUSEHOLD,1257.0,950.8
2016-02-07,TX_3,FOODS,3320.0,2578.72
2016-02-07,TX_3,HOBBIES,453.0,324.06
2016-02-07,TX_3,HOUSEHOLD,1132.0,859.13
2016-02-07,WI_1,FOODS,3214.0,1897.47
2016-02-07,WI_1,HOBBIES,427.0,240.66
2016-02-07,WI_1,HOUSEHOLD,820.0,525.32
2016-02-07,WI_2,FOODS,3660.0,2365.18
2016-02-07,WI_2,HOBBIES,227.0,162.8
2016-02-07,WI_2,HOUSEHOLD,1159.0,842.07
2016-02-07,WI_3,FOODS,3397.0,2319.17
2016-02-07,WI_3,HOBBIES,307.0,185.33
2016-02-07,WI_3,HOUSEHOLD,873.0,686.92
2016-02-08,CA_1,FOODS,2592.0,2189.65
2016-02-08,CA_1,HOBBIES,392.0,319.93
2016-02-08,CA_1,HOUSEHOLD,949.0,730.56
2016-02-08,CA_2,FOODS,2330.0,1704.04
2016-02-08,CA_2,HOBBIES,271.0,199.33
2016-02-08,CA_2,HOUSEHOLD,936.0,629.34
2016-02-08,CA_3,FOODS,3753.0,3532.75
2016-02-08,CA_3,HOBBIES,601.0,389.52
2016-02-08,CA_3,HOUSEHOLD,1576.0,1323.31
2016-02-08,CA_4,FOODS,1438.0,1267.69
2016-02-08,CA_4,HOBBIES,314.0,263.25
2016-02-08,CA_4,HOUSEHOLD,414.0,363.15
2016-02-08,TX_1,FOODS,1795.0,1380.38
2016-02-08,TX_1,HOBBIES,226.0,157.7
2016-02-08,TX_1,HOUSEHOLD,824.0,659.73
2016-02-08,TX_2,FOODS,2518.0,1918.24
2016-02-08,TX_2,HOBBIES,301.0,230.46
2016-02-08,TX_2,HOUSEHOLD,895.0,739.35
2016-02-08,TX_3,FOODS,2412.0,1869.24
2016-02-08,TX_3,HOBBIES,372.0,264.78
2016-02-08,TX_3,HOUSEHOLD,923.0,727.48
2016-02-08,WI_1,FOODS,1937.0,1694.05
2016-02-08,WI_1,HOBBIES,242.0,218.36
2016-02-08,WI_1,HOUSEHOLD,418.0,449.44
2016-02-08,WI_2,FOODS,3724.0,3150.33
2016-02-08,WI_2,HOBBIES,237.0,160.69
2016-02-08,WI_2,HOUSEHOLD,946.0,790.46
2016-02-08,WI_3,FOODS,2645.0,2398.62
2016-02-08,WI_3,HOBBIES,215.0,166.46
2016-02-08,WI_3,HOUSEHOLD,608.0,570.39
2016-02-09,CA_1,FOODS,2639.0,1917.48
2016-02-09,CA_1,HOBBIES,460.0,290.72
2016-02-09,CA_1,HOUSEHOLD,837.0,629.01
2016-02-09,CA_2,FOODS,2406.0,1651.06
2016-02-09,CA_2,HOBBIES,357.0,191.26
2016-02-09,CA_2,HOUSEHOLD,786.0,593.19
2016-02-09,CA_3,FOODS,3707.0,3179.96
2016-02-09,CA_3,HOBBIES,611.0,363.16
2016-02-09,CA_3,HOUSEHOLD,1564.0,1190.27
2016-02-09,CA_4,FOODS,1432.0,1127.21
2016-02-09,CA_4,HOBBIES,318.0,254.41
2016-02-09,CA_4,HOUSEHOLD,457.0,326.03
2016-02-09,TX_1,FOODS,1947.0,1470.09
2016-02-09,TX_1,HOBBIES,221.0,152.29
2016-02-09,TX_1,HOUSEHOLD,810.0,624.94
2016-02-09,TX_2,FOODS,2436.0,1933.04
2016-02-09,TX_2,HOBBIES,414.0,208.52
2016-02-09,TX_2,HOUSEHOLD,887.0,683.22
2016-02-09,TX_3,FOODS,2575.0,1955.28
2016-02-09,TX_3,HOBBIES,337.0,252.91
2016-02-09,TX_3,HOUSEHOLD,913.0,683.89
2016-02-09,WI_1,FOODS,2350.0,1655.05
2016-02-09,WI_1,HOBBIES,369.0,221.17
2016-02-09,WI_1,HOUSEHOLD,594.0,435.22
2016-02-09,WI_2,FOODS,3994.0,3075.9
2016-02-09,WI_2,HOBBIES,276.0,160.47
2016-02-09,WI_2,HOUSEHOLD,1088.0,796.8
2016-02-09,WI_3,FOODS,2886.0,2309.39
2016-02-09,WI_3,HOBBIES,230.0,165.53
2016-02-09,WI_3,HOUSEHOLD,612.0,521.94
2016-02-10,CA_1,FOODS,2674.0,1913.95
2016-02-10,CA_1,HOBBIES,538.0,294.41
2016-02-10,CA_1,HOUSEHOLD,783.0,596.09
2016-02-10,CA_2,FOODS,2420.0,1645.47
2016-02-10,CA_2,HOBBIES,309.0,199.37
2016-02-10,CA_2,HOUSEHOLD,857.0,599.57
2016-02-10,CA_3,FOODS,4397.0,3025.35
2016-02-10,CA_3,HOBBIES,452.0,364.12
2016-02-10,CA_3,HOUSEHOLD,1572.0,1155.21
2016-02-10,CA_4,FOODS,1517.0,1083.6
2016-02-10,CA_4,HOBBIES,365.0,249.08
2016-02-10,CA_4,HOUSEHOLD,441.0,310.98
2016-02-10,TX_1,FOODS,1701.0,1284.33
2016-02-10,TX_1,HOBBIES,213.0,147.5
2016-02-10,TX_1,HOUSEHOLD,831.0,595.23
2016-02-10,TX_2,FOODS,2691.0,1783.32
2016-02-10,TX_2,HOBBIES,425.0,222.3
2016-02-10,TX_2,HOUSEHOLD,1143.0,663.75
2016-02-10,TX_3,FOODS,2440.0,1585.07
2016-02-10,TX_3,HOBBIES,383.0,222.72
2016-02-10,TX_3,HOUSEHOLD,1008.0,622.4
2016-02-10,WI_1,FOODS,2161.0,1467.68
2016-02-10,WI_1,HOBBIES,350.0,230.35
2016-02-10,WI_1,HOUSEHOLD,669.0,425.18
2016-02-10,WI_2,FOODS,3372.0,2130.19
2016-02-10,WI_2,HOBBIES,297.0,150.8
2016-02-10,WI_2,HOUSEHOLD,1511.0,737.97
2016-02-10,WI_3,FOODS,2739.0,1693.87
2016-02-10,WI_3,HOBBIES,293.0,150.76
2016-02-10,WI_3,HOUSEHOLD,801.0,462.9
2016-02-11,CA_1,FOODS,2644.0,1795.3
2016-02-11,CA_1,HOBBIES,525.0,293.62
2016-02-11,CA_1,HOUSEHOLD,838.0,586.49
2016-02-11,CA_2,FOODS,2743.0,1696.08
2016-02-11,CA_2,HOBBIES,370.0,193.19
2016-02-11,CA_2,HOUSEHOLD,913.0,591.53
2016-02-11,CA_3,FOODS,4329.0,2738.69
2016-02-11,CA_3,HOBBIES,562.0,353.69
2016-02-11,CA_3,HOUSEHOLD,1656.0,1116.66
2016-02-11,CA_4,FOODS,1505.0,1071.7
2016-02-11,CA_4,HOBBIES,427.0,247.64
2016-02-11,CA_4,HOUSEHOLD,451.0,313.61
2016-02-11,TX_1,FOODS,2114.0,1461.74
2016-02-11,TX_1,HOBBIES,344.0,156.7
2016-02-11,TX_1,HOUSEHOLD,973.0,625.79
2016-02-11,TX_2,FOODS,3296.0,1975.72
2016-02-11,TX_2,HOBBIES,383.0,228.57
2016-02-11,TX_2,HOUSEHOLD,1120.0,725.62
2016-02-11,TX_3,FOODS,3022.0,1912.22
2016-02-11,TX_3,HOBBIES,381.0,251.01
2016-02-11,TX_3,HOUSEHOLD,1035.0,681.78
2016-02-11,WI_1,FOODS,2793.0,1763.71
2016-02-11,WI_1,HOBBIES,351.0,252.38
2016-02-11,WI_1,HOUSEHOLD,755.0,465.98
2016-02-11,WI_2,FOODS,4416.0,3120.21
2016-02-11,WI_2,HOBBIES,299.0,166.93
2016-02-11,WI_2,HOUSEHOLD,1618.0,869.64
2016-02-11,WI_3,FOODS,3590.0,2274.57
2016-02-11,WI_3,HOBBIES,254.0,161.48
2016-02-11,WI_3,HOUSEHOLD,877.0,512.95
2016-02-12,CA_1,FOODS,2871.0,2141.35
2016-02-12,CA_1,HOBBIES,416.0,330.79
2016-02-12,CA_1,HOUSEHOLD,824.0,684.34
2016-02-12,CA_2,FOODS,2755.0,1997.98
2016-02-12,CA_2,HOBBIES,328.0,232.39
2016-02-12,CA_2,HOUSEHOLD,1057.0,732.49
2016-02-12,CA_3,FOODS,3927.0,2917.92
2016-02-12,CA_3,HOBBIES,463.0,383.47
2016-02-12,CA_3,HOUSEHOLD,1538.0,1197.32
2016-02-12,CA_4,FOODS,1692.0,1163.25
2016-02-12,CA_4,HOBBIES,512.0,259.23
2016-02-12,CA_4,HOUSEHOLD,473.0,329.84
2016-02-12,TX_1,FOODS,2074.0,1588.21
2016-02-12,TX_1,HOBBIES,253.0,179.21
2016-02-12,TX_1,HOUSEHOLD,1016.0,729.62
2016-02-12,TX_2,FOODS,2885.0,2236.36
2016-02-12,TX_2,HOBBIES,330.0,257.64
2016-02-12,TX_2,HOUSEHOLD,1080.0,842.34
2016-02-12,TX_3,FOODS,2793.0,2120.54
2016-02-12,TX_3,HOBBIES,413.0,279.15
2016-02-12,TX_3,HOUSEHOLD,992.0,757.18
2016-02-12,WI_1,FOODS,3059.0,2187.22
2016-02-12,WI_1,HOBBIES,460.0,316.04
2016-02-12,WI_1,HOUSEHOLD,789.0,596.39
2016-02-12,WI_2,FOODS,4646.0,3407.66
2016-02-12,WI_2,HOBBIES,333.0,189.91
2016-02-12,WI_2,HOUSEHOLD,1484.0,1076.47
2016-02-12,WI_3,FOODS,3546.0,2679.71
2016-02-12,WI_3,HOBBIES,327.0,206.77
2016-02-12,WI_3,HOUSEHOLD,886.0,676.41
2016-02-13,CA_1,FOODS,3599.0,3166.27
2016-02-13,CA_1,HOBBIES,598.0,465.42
2016-02-13,CA_1,HOUSEHOLD,1286.0,1069.67
2016-02-13,CA_2,FOODS,3692.0,2965.15
2016-02-13,CA_2,HOBBIES,566.0,330.06
2016-02-13,CA_2,HOUSEHOLD,1387.0,1228.39
2016-02-13,CA_3,FOODS,5135.0,3990.78
2016-02-13,CA_3,HOBBIES,729.0,483.23
2016-02-13,CA_3,HOUSEHOLD,2057.0,1662.11
2016-02-13,CA_4,FOODS,1893.0,1440.25
2016-02-13,CA_4,HOBBIES,375.0,302.89
2016-02-13,CA_4,HOUSEHOLD,531.0,409.81
2016-02-13,TX_1,FOODS,2583.0,1929.44
2016-02-13,TX_1,HOBBIES,372.0,217.86
2016-02-13,TX_1,HOUSEHOLD,1152.0,951.84
2016-02-13,TX_2,FOODS,3561.0,2880.17
2016-02-13,TX_2,HOBBIES,396.0,315.29
2016-02-13,TX_2,HOUSEHOLD,1370.0,1124.88
2016-02-13,TX_3,FOODS,3115.0,2510.09
2016-02-13,TX_3,HOBBIES,563.0,349.97
2016-02-13,TX_3,HOUSEHOLD,1251.0,974.98
2016-02-13,WI_1,FOODS,3698.0,3204.28
2016-02-13,WI_1,HOBBIES,642.0,515.77
2016-02-13,WI_1,HOUSEHOLD,1150.0,938.79
2016-02-13,WI_2,FOODS,4357.0,3078.13
2016-02-13,WI_2,HOBBIES,352.0,231.36
2016-02-13,WI_2,HOUSEHOLD,1639.0,1238.02
2016-02-13,WI_3,FOODS,4053.0,2922.08
2016-02-13,WI_3,HOBBIES,372.0,232.86
2016-02-13,WI_3,HOUSEHOLD,1241.0,847.72
2016-02-14,CA_1,FOODS,3169.0,2436.96
2016-02-14,CA_1,HOBBIES,558.0,347.0
2016-02-14,CA_1,HOUSEHOLD,1107.0,827.25
2016-02-14,CA_2,FOODS,3212.0,2456.85
2016-02-14,CA_2,HOBBIES,458.0,271.13
2016-02-14,CA_2,HOUSEHOLD,1346.0,990.39
2016-02-14,CA_3,FOODS,4382.0,3490.72
2016-02-14,CA_3,HOBBIES,606.0,428.47
2016-02-14,CA_3,HOUSEHOLD,1864.0,1461.66
2016-02-14,CA_4,FOODS,1571.0,1238.51
2016-02-14,CA_4,HOBBIES,459.0,255.61
2016-02-14,CA_4,HOUSEHOLD,506.0,337.51
2016-02-14,TX_1,FOODS,2441.0,1842.58
2016-02-14,TX_1,HOBBIES,351.0,216.26
2016-02-14,TX_1,HOUSEHOLD,1117.0,915.45
2016-02-14,TX_2,FOODS,3316.0,2529.84
2016-02-14,TX_2,HOBBIES,397.0,283.46
2016-02-14,TX_2,HOUSEHOLD,1222.0,920.13
2016-02-14,TX_3,FOODS,3024.0,2195.03
2016-02-14,TX_3,HOBBIES,482.0,302.95
2016-02-14,TX_3,HOUSEHOLD,1042.0,816.49
2016-02-14,WI_1,FOODS,3260.0,2468.71
2016-02-14,WI_1,HOBBIES,358.0,291.24
2016-02-14,WI_1,HOUSEHOLD,849.0,625.3
2016-02-14,WI_2,FOODS,4782.0,3087.23
2016-02-14,WI_2,HOBBIES,240.0,168.72
2016-02-14,WI_2,HOUSEHOLD,1186.0,871.99
2016-02-14,WI_3,FOODS,3841.0,2896.16
2016-02-14,WI_3,HOBBIES,194.0,192.15
2016-02-14,WI_3,HOUSEHOLD,997.0,679.62
2016-02-15,CA_1,FOODS,3009.0,2120.21
2016-02-15,CA_1,HOBBIES,476.0,325.55
2016-02-15,CA_1,HOUSEHOLD,1103.0,732.71
2016-02-15,CA_2,FOODS,2938.0,1961.84
2016-02-15,CA_2,HOBBIES,339.0,228.38
2016-02-15,CA_2,HOUSEHOLD,1285.0,755.4
2016-02-15,CA_3,FOODS,4845.0,3357.28
2016-02-15,CA_3,HOBBIES,636.0,402.74
2016-02-15,CA_3,HOUSEHOLD,1983.0,1405.79
2016-02-15,CA_4,FOODS,1752.0,1190.47
2016-02-15,CA_4,HOBBIES,303.0,248.04
2016-02-15,CA_4,HOUSEHOLD,562.0,349.66
2016-02-15,TX_1,FOODS,2222.0,1625.96
2016-02-15,TX_1,HOBBIES,295.0,172.23
2016-02-15,TX_1,HOUSEHOLD,1132.0,720.16
2016-02-15,TX_2,FOODS,2840.0,2381.18
2016-02-15,TX_2,HOBBIES,358.0,253.82
2016-02-15,TX_2,HOUSEHOLD,1103.0,847.39
2016-02-15,TX_3,FOODS,2757.0,2299.01
2016-02-15,TX_3,HOBBIES,367.0,292.66
2016-02-15,TX_3,HOUSEHOLD,1041.0,785.42
2016-02-15,WI_1,FOODS,2522.0,1853.28
2016-02-15,WI_1,HOBBIES,329.0,222.04
2016-02-15,WI_1,HOUSEHOLD,673.0,466.81
2016-02-15,WI_2,FOODS,5345.0,3223.82
2016-02-15,WI_2,HOBBIES,261.0,155.15
2016-02-15,WI_2,HOUSEHOLD,1177.0,847.96
2016-02-15,WI_3,FOODS,3452.0,2528.5
2016-02-15,WI_3,HOBBIES,229.0,162.09
2016-02-15,WI_3,HOUSEHOLD,818.0,569.02
2016-02-16,CA_1,FOODS,2379.0,1686.55
2016-02-16,CA_1,HOBBIES,495.0,266.86
2016-02-16,CA_1,HOUSEHOLD,776.0,574.42
2016-02-16,CA_2,FOODS,2215.0,1718.62
2016-02-16,CA_2,HOBBIES,427.0,194.9
2016-02-16,CA_2,HOUSEHOLD,798.0,602.74
2016-02-16,CA_3,FOODS,3775.0,3001.19
2016-02-16,CA_3,HOBBIES,646.0,350.46
2016-02-16,CA_3,HOUSEHOLD,1566.0,1184.86
2016-02-16,CA_4,FOODS,1383.0,1060.35
2016-02-16,CA_4,HOBBIES,369.0,240.05
2016-02-16,CA_4,HOUSEHOLD,420.0,322.3
2016-02-16,TX_1,FOODS,1988.0,1237.81
2016-02-16,TX_1,HOBBIES,239.0,150.04
2016-02-16,TX_1,HOUSEHOLD,905.0,628.63
2016-02-16,TX_2,FOODS,2520.0,1720.23
2016-02-16,TX_2,HOBBIES,322.0,202.92
2016-02-16,TX_2,HOUSEHOLD,873.0,681.83
2016-02-16,TX_3,FOODS,2391.0,1790.08
2016-02-16,TX_3,HOBBIES,285.0,238.84
2016-02-16,TX_3,HOUSEHOLD,818.0,648.49
2016-02-16,WI_1,FOODS,2263.0,1636.07
2016-02-16,WI_1,HOBBIES,329.0,214.2
2016-02-16,WI_1,HOUSEHOLD,581.0,433.87
2016-02-16,WI_2,FOODS,3991.0,2558.2
2016-02-16,WI_2,HOBBIES,180.0,158.96
2016-02-16,WI_2,HOUSEHOLD,1195.0,853.64
2016-02-16,WI_3,FOODS,2637.0,1916.83
2016-02-16,WI_3,HOBBIES,254.0,149.38
2016-02-16,WI_3,HOUSEHOLD,682.0,512.2
2016-02-17,CA_1,FOODS,2371.0,1663.13
2016-02-17,CA_1,HOBBIES,557.0,273.84
2016-02-17,CA_1,HOUSEHOLD,849.0,556.33
2016-02-17,CA_2,FOODS,2191.0,1720.7
2016-02-17,CA_2,HOBBIES,341.0,199.19
2016-02-17,CA_2,HOUSEHOLD,722.0,610.8
2016-02-17,CA_3,FOODS,3557.0,2919.19
2016-02-17,CA_3,HOBBIES,453.0,354.09
2016-02-17,CA_3,HOUSEHOLD,1455.0,1154.14
2016-02-17,CA_4,FOODS,1356.0,1025.13
2016-02-17,CA_4,HOBBIES,273.0,234.46
2016-02-17,CA_4,HOUSEHOLD,430.0,307.51
2016-02-17,TX_1,FOODS,1814.0,1242.58
2016-02-17,TX_1,HOBBIES,251.0,148.73
2016-02-17,TX_1,HOUSEHOLD,800.0,631.36
2016-02-17,TX_2,FOODS,2273.0,1858.69
2016-02-17,TX_2,HOBBIES,313.0,218.83
2016-02-17,TX_2,HOUSEHOLD,1060.0,695.51
2016-02-17,TX_3,FOODS,2222.0,1684.66
2016-02-17,TX_3,HOBBIES,373.0,221.66
2016-02-17,TX_3,HOUSEHOLD,798.0,630.78
2016-02-17,WI_1,FOODS,2316.0,1572.61
2016-02-17,WI_1,HOBBIES,359.0,224.61
2016-02-17,WI_1,HOUSEHOLD,730.0,429.85
2016-02-17,WI_2,FOODS,3786.0,2457.0
2016-02-17,WI_2,HOBBIES,261.0,148.59
2016-02-17,WI_2,HOUSEHOLD,1272.0,804.32
2016-02-17,WI_3,FOODS,2473.0,1826.91
2016-02-17,WI_3,HOBBIES,213.0,147.8
2016-02-17,WI_3,HOUSEHOLD,676.0,489.11
2016-02-18,CA_1,FOODS,2476.0,1685.02
2016-02-18,CA_1,HOBBIES,514.0,279.33
2016-02-18,CA_1,HOUSEHOLD,878.0,570.57
2016-02-18,CA_2,FOODS,2381.0,1742.17
2016-02-18,CA_2,HOBBIES,316.0,197.27
2016-02-18,CA_2,HOUSEHOLD,898.0,601.17
2016-02-18,CA_3,FOODS,3354.0,2814.31
2016-02-18,CA_3,HOBBIES,506.0,349.39
2016-02-18,CA_3,HOUSEHOLD,1564.0,1133.49
2016-02-18,CA_4,FOODS,1501.0,1024.2
2016-02-18,CA_4,HOBBIES,477.0,232.53
2016-02-18,CA_4,HOUSEHOLD,441.0,313.41
2016-02-18,TX_1,FOODS,1824.0,1242.84
2016-02-18,TX_1,HOBBIES,259.0,149.2
2016-02-18,TX_1,HOUSEHOLD,796.0,631.31
2016-02-18,TX_2,FOODS,2349.0,1739.96
2016-02-18,TX_2,HOBBIES,338.0,214.75
2016-02-18,TX_2,HOUSEHOLD,1062.0,689.44
2016-02-18,TX_3,FOODS,2243.0,1672.16
2016-02-18,TX_3,HOBBIES,380.0,231.49
2016-02-18,TX_3,HOUSEHOLD,851.0,628.26
2016-02-18,WI_1,FOODS,2246.0,1699.54
2016-02-18,WI_1,HOBBIES,332.0,226.85
2016-02-18,WI_1,HOUSEHOLD,629.0,458.0
2016-02-18,WI_2,FOODS,3234.0,2494.82
2016-02-18,WI_2,HOBBIES,272.0,155.44
2016-02-18,WI_2,HOUSEHOLD,1355.0,842.06
2016-02-18,WI_3,FOODS,2132.0,1833.44
2016-02-18,WI_3,HOBBIES,209.0,151.23
2016-02-18,WI_3,HOUSEHOLD,619.0,502.53
2016-02-19,CA_1,FOODS,2795.0,2093.46
2016-02-19,CA_1,HOBBIES,565.0,343.99
2016-02-19,CA_1,HOUSEHOLD,1053.0,709.93
2016-02-19,CA_2,FOODS,2848.0,2006.02
2016-02-19,CA_2,HOBBIES,315.0,236.76
2016-02-19,CA_2,HOUSEHOLD,942.0,733.72
2016-02-19,CA_3,FOODS,3837.0,2950.31
2016-02-19,CA_3,HOBBIES,707.0,380.05
2016-02-19,CA_3,HOUSEHOLD,1614.0,1237.44
2016-02-19,CA_4,FOODS,1555.0,1087.24
2016-02-19,CA_4,HOBBIES,373.0,246.69
2016-02-19,CA_4,HOUSEHOLD,510.0,327.41
2016-02-19,TX_1,FOODS,1874.0,1325.83
2016-02-19,TX_1,HOBBIES,234.0,168.7
2016-02-19,TX_1,HOUSEHOLD,988.0,698.96
2016-02-19,TX_2,FOODS,2679.0,1918.28
2016-02-19,TX_2,HOBBIES,332.0,246.34
2016-02-19,TX_2,HOUSEHOLD,1092.0,813.41
2016-02-19,TX_3,FOODS,2249.0,1781.23
2016-02-19,TX_3,HOBBIES,405.0,257.21
2016-02-19,TX_3,HOUSEHOLD,973.0,721.16
2016-02-19,WI_1,FOODS,2713.0,2079.03
2016-02-19,WI_1,HOBBIES,401.0,303.57
2016-02-19,WI_1,HOUSEHOLD,732.0,585.1
2016-02-19,WI_2,FOODS,3179.0,2637.57
2016-02-19,WI_2,HOBBIES,318.0,181.58
2016-02-19,WI_2,HOUSEHOLD,1338.0,1079.21
2016-02-19,WI_3,FOODS,2659.0,2030.24
2016-02-19,WI_3,HOBBIES,288.0,193.45
2016-02-19,WI_3,HOUSEHOLD,824.0,655.18
2016-02-20,CA_1,FOODS,3469.0,2880.12
2016-02-20,CA_1,HOBBIES,587.0,439.3
2016-02-20,CA_1,HOUSEHOLD,1227.0,1034.61
2016-02-20,CA_2,FOODS,3636.0,2899.07
2016-02-20,CA_2,HOBBIES,613.0,336.95
2016-02-20,CA_2,HOUSEHOLD,1482.0,1196.47
2016-02-20,CA_3,FOODS,4746.0,3864.41
2016-02-20,CA_3,HOBBIES,805.0,480.02
2016-02-20,CA_3,HOUSEHOLD,2117.0,1661.16
2016-02-20,CA_4,FOODS,1696.0,1313.36
2016-02-20,CA_4,HOBBIES,397.0,283.68
2016-02-20,CA_4,HOUSEHOLD,573.0,402.74
2016-02-20,TX_1,FOODS,2241.0,1755.01
2016-02-20,TX_1,HOBBIES,329.0,212.6
2016-02-20,TX_1,HOUSEHOLD,1192.0,944.65
2016-02-20,TX_2,FOODS,3184.0,2536.68
2016-02-20,TX_2,HOBBIES,406.0,301.48
2016-02-20,TX_2,HOUSEHOLD,1426.0,1093.55
2016-02-20,TX_3,FOODS,2705.0,2145.78
2016-02-20,TX_3,HOBBIES,461.0,313.08
2016-02-20,TX_3,HOUSEHOLD,1338.0,936.14
2016-02-20,WI_1,FOODS,3720.0,3175.05
2016-02-20,WI_1,HOBBIES,685.0,504.92
2016-02-20,WI_1,HOUSEHOLD,1133.0,947.29
2016-02-20,WI_2,FOODS,3906.0,3125.83
2016-02-20,WI_2,HOBBIES,235.0,214.44
2016-02-20,WI_2,HOUSEHOLD,1520.0,1212.88
2016-02-20,WI_3,FOODS,3447.0,2687.61
2016-02-20,WI_3,HOBBIES,386.0,221.86
2016-02-20,WI_3,HOUSEHOLD,1195.0,832.05
2016-02-21,CA_1,FOODS,3598.0,2889.81
2016-02-21,CA_1,HOBBIES,656.0,417.41
2016-02-21,CA_1,HOUSEHOLD,1353.0,1046.64
2016-02-21,CA_2,FOODS,3997.0,2725.73
2016-02-21,CA_2,HOBBIES,483.0,304.78
2016-02-21,CA_2,HOUSEHOLD,1634.0,1117.42
2016-02-21,CA_3,FOODS,5202.0,4002.59
2016-02-21,CA_3,HOBBIES,606.0,502.72
2016-02-21,CA_3,HOUSEHOLD,2176.0,1699.2
2016-02-21,CA_4,FOODS,1848.0,1337.68
2016-02-21,CA_4,HOBBIES,364.0,284.16
2016-02-21,CA_4,HOUSEHOLD,621.0,408.87
2016-02-21,TX_1,FOODS,2557.0,1903.69
2016-02-21,TX_1,HOBBIES,459.0,225.57
2016-02-21,TX_1,HOUSEHOLD,1283.0,971.07
2016-02-21,TX_2,FOODS,3497.0,2670.54
2016-02-21,TX_2,HOBBIES,455.0,313.81
2016-02-21,TX_2,HOUSEHOLD,1527.0,1109.9
2016-02-21,TX_3,FOODS,3014.0,2271.06
2016-02-21,TX_3,HOBBIES,511.0,318.21
2016-02-21,TX_3,HOUSEHOLD,1360.0,931.36
2016-02-21,WI_1,FOODS,3316.0,2749.78
2016-02-21,WI_1,HOBBIES,412.0,342.15
2016-02-21,WI_1,HOUSEHOLD,1051.0,748.26
2016-02-21,WI_2,FOODS,3758.0,2828.14
2016-02-21,WI_2,HOBBIES,301.0,184.91
2016-02-21,WI_2,HOUSEHOLD,1350.0,990.36
2016-02-21,WI_3,FOODS,3409.0,2516.12
2016-02-21,WI_3,HOBBIES,281.0,204.56
2016-02-21,WI_3,HOUSEHOLD,1002.0,745.92
2016-02-22,CA_1,FOODS,2466.0,1977.44
2016-02-22,CA_1,HOBBIES,539.0,308.7
2016-02-22,CA_1,HOUSEHOLD,900.0,698.71
2016-02-22,CA_2,FOODS,2298.0,1792.01
2016-02-22,CA_2,HOBBIES,409.0,206.73
2016-02-22,CA_2,HOUSEHOLD,866.0,650.82
2016-02-22,CA_3,FOODS,4141.0,3175.5
2016-02-22,CA_3,HOBBIES,477.0,389.36
2016-02-22,CA_3,HOUSEHOLD,1675.0,1346.68
2016-02-22,CA_4,FOODS,1564.0,1169.14
2016-02-22,CA_4,HOBBIES,416.0,252.81
2016-02-22,CA_4,HOUSEHOLD,518.0,359.76
2016-02-22,TX_1,FOODS,1769.0,1399.74
2016-02-22,TX_1,HOBBIES,247.0,162.48
2016-02-22,TX_1,HOUSEHOLD,864.0,692.96
2016-02-22,TX_2,FOODS,2519.0,1965.71
2016-02-22,TX_2,HOBBIES,395.0,231.25
2016-02-22,TX_2,HOUSEHOLD,974.0,794.27
2016-02-22,TX_3,FOODS,2150.0,1832.63
2016-02-22,TX_3,HOBBIES,431.0,262.17
2016-02-22,TX_3,HOUSEHOLD,1066.0,767.31
2016-02-22,WI_1,FOODS,2174.0,1680.4
2016-02-22,WI_1,HOBBIES,307.0,216.06
2016-02-22,WI_1,HOUSEHOLD,614.0,462.14
2016-02-22,WI_2,FOODS,2850.0,2280.48
2016-02-22,WI_2,HOBBIES,219.0,160.26
2016-02-22,WI_2,HOUSEHOLD,1271.0,874.55
2016-02-22,WI_3,FOODS,2267.0,1848.41
2016-02-22,WI_3,HOBBIES,253.0,163.03
2016-02-22,WI_3,HOUSEHOLD,689.0,539.26
2016-02-23,CA_1,FOODS,2406.0,1689.28
2016-02-23,CA_1,HOBBIES,414.0,281.41
2016-02-23,CA_1,HOUSEHOLD,793.0,590.26
2016-02-23,CA_2,FOODS,2066.0,1689.25
2016-02-23,CA_2,HOBBIES,347.0,197.74
2016-02-23,CA_2,HOUSEHOLD,775.0,593.9
2016-02-23,CA_3,FOODS,3537.0,2861.88
2016-02-23,CA_3,HOBBIES,530.0,353.28
2016-02-23,CA_3,HOUSEHOLD,1549.0,1190.46
2016-02-23,CA_4,FOODS,1487.0,1043.89
2016-02-23,CA_4,HOBBIES,290.0,237.11
2016-02-23,CA_4,HOUSEHOLD,422.0,324.7
2016-02-23,TX_1,FOODS,1527.0,1245.8
2016-02-23,TX_1,HOBBIES,229.0,148.74
2016-02-23,TX_1,HOUSEHOLD,850.0,623.56
2016-02-23,TX_2,FOODS,2359.0,1673.2
2016-02-23,TX_2,HOBBIES,297.0,204.23
2016-02-23,TX_2,HOUSEHOLD,934.0,682.62
2016-02-23,TX_3,FOODS,1994.0,1594.83
2016-02-23,TX_3,HOBBIES,348.0,237.21
2016-02-23,TX_3,HOUSEHOLD,921.0,686.56
2016-02-23,WI_1,FOODS,2006.0,1591.49
2016-02-23,WI_1,HOBBIES,369.0,213.61
2016-02-23,WI_1,HOUSEHOLD,483.0,440.24
2016-02-23,WI_2,FOODS,2787.0,2196.15
2016-02-23,WI_2,HOBBIES,268.0,157.53
2016-02-23,WI_2,HOUSEHOLD,1066.0,855.04
2016-02-23,WI_3,FOODS,1964.0,1692.72
2016-02-23,WI_3,HOBBIES,203.0,156.11
2016-02-23,WI_3,HOUSEHOLD,760.0,495.43
2016-02-24,CA_1,FOODS,2076.0,1672.53
2016-02-24,CA_1,HOBBIES,473.0,275.48
2016-02-24,CA_1,HOUSEHOLD,820.0,566.49
2016-02-24,CA_2,FOODS,1966.0,1682.78
2016-02-24,CA_2,HOBBIES,350.0,197.12
2016-02-24,CA_2,HOUSEHOLD,760.0,594.03
2016-02-24,CA_3,FOODS,3505.0,2786.62
2016-02-24,CA_3,HOBBIES,535.0,358.23
2016-02-24,CA_3,HOUSEHOLD,1437.0,1156.01
2016-02-24,CA_4,FOODS,1296.0,1051.73
2016-02-24,CA_4,HOBBIES,302.0,238.61
2016-02-24,CA_4,HOUSEHOLD,423.0,321.43
2016-02-24,TX_1,FOODS,1639.0,1226.7
2016-02-24,TX_1,HOBBIES,258.0,150.43
2016-02-24,TX_1,HOUSEHOLD,911.0,606.92
2016-02-24,TX_2,FOODS,2375.0,1704.37
2016-02-24,TX_2,HOBBIES,295.0,215.55
2016-02-24,TX_2,HOUSEHOLD,946.0,692.23
2016-02-24,TX_3,FOODS,2089.0,1540.64
2016-02-24,TX_3,HOBBIES,346.0,238.04
2016-02-24,TX_3,HOUSEHOLD,983.0,687.82
2016-02-24,WI_1,FOODS,2031.0,1624.31
2016-02-24,WI_1,HOBBIES,281.0,229.49
2016-02-24,WI_1,HOUSEHOLD,670.0,452.16
2016-02-24,WI_2,FOODS,2963.0,2165.26
2016-02-24,WI_2,HOBBIES,244.0,166.29
2016-02-24,WI_2,HOUSEHOLD,1266.0,869.15
2016-02-24,WI_3,FOODS,2021.0,1627.89
2016-02-24,WI_3,HOBBIES,220.0,154.61
2016-02-24,WI_3,HOUSEHOLD,587.0,496.65
2016-02-25,CA_1,FOODS,2176.0,1680.92
2016-02-25,CA_1,HOBBIES,451.0,278.22
2016-02-25,CA_1,HOUSEHOLD,769.0,575.17
2016-02-25,CA_2,FOODS,2251.0,1727.42
2016-02-25,CA_2,HOBBIES,338.0,198.4
2016-02-25,CA_2,HOUSEHOLD,830.0,601.38
2016-02-25,CA_3,FOODS,3546.0,2755.47
2016-02-25,CA_3,HOBBIES,498.0,351.25
2016-02-25,CA_3,HOUSEHOLD,1491.0,1141.17
2016-02-25,CA_4,FOODS,1371.0,1044.89
2016-02-25,CA_4,HOBBIES,320.0,244.02
2016-02-25,CA_4,HOUSEHOLD,476.0,324.12
2016-02-25,TX_1,FOODS,1712.0,1221.06
2016-02-25,TX_1,HOBBIES,201.0,156.08
2016-02-25,TX_1,HOUSEHOLD,779.0,620.46
2016-02-25,TX_2,FOODS,2333.0,1749.3
2016-02-25,TX_2,HOBBIES,363.0,216.87
2016-02-25,TX_2,HOUSEHOLD,996.0,700.32
2016-02-25,TX_3,FOODS,1898.0,1567.21
2016-02-25,TX_3,HOBBIES,317.0,237.49
2016-02-25,TX_3,HOUSEHOLD,893.0,713.64
2016-02-25,WI_1,FOODS,2152.0,1636.57
2016-02-25,WI_1,HOBBIES,316.0,233.64
2016-02-25,WI_1,HOUSEHOLD,627.0,457.44
2016-02-25,WI_2,FOODS,2811.0,2175.75
2016-02-25,WI_2,HOBBIES,254.0,165.39
2016-02-25,WI_2,HOUSEHOLD,1351.0,909.45
2016-02-25,WI_3,FOODS,2156.0,1614.89
2016-02-25,WI_3,HOBBIES,256.0,153.93
2016-02-25,WI_3,HOUSEHOLD,683.0,492.57
2016-02-26,CA_1,FOODS,2713.0,2070.93
2016-02-26,CA_1,HOBBIES,525.0,342.83
2016-02-26,CA_1,HOUSEHOLD,849.0,708.6
2016-02-26,CA_2,FOODS,2576.0,2001.15
2016-02-26,CA_2,HOBBIES,497.0,235.34
2016-02-26,CA_2,HOUSEHOLD,969.0,729.98
2016-02-26,CA_3,FOODS,3832.0,2967.25
2016-02-26,CA_3,HOBBIES,542.0,383.27
2016-02-26,CA_3,HOUSEHOLD,1459.0,1238.77
2016-02-26,CA_4,FOODS,1566.0,1095.82
2016-02-26,CA_4,HOBBIES,329.0,246.5
2016-02-26,CA_4,HOUSEHOLD,489.0,340.51
2016-02-26,TX_1,FOODS,1740.0,1318.59
2016-02-26,TX_1,HOBBIES,272.0,172.06
2016-02-26,TX_1,HOUSEHOLD,820.0,688.56
2016-02-26,TX_2,FOODS,2398.0,1933.47
2016-02-26,TX_2,HOBBIES,450.0,252.98
2016-02-26,TX_2,HOUSEHOLD,1084.0,816.05
2016-02-26,TX_3,FOODS,1949.0,1688.78
2016-02-26,TX_3,HOBBIES,365.0,263.91
2016-02-26,TX_3,HOUSEHOLD,819.0,800.3
2016-02-26,WI_1,FOODS,2305.0,2017.51
2016-02-26,WI_1,HOBBIES,421.0,308.63
2016-02-26,WI_1,HOUSEHOLD,839.0,589.89
2016-02-26,WI_2,FOODS,2779.0,2379.53
2016-02-26,WI_2,HOBBIES,301.0,188.94
2016-02-26,WI_2,HOUSEHOLD,1301.0,1146.89
2016-02-26,WI_3,FOODS,2350.0,1923.49
2016-02-26,WI_3,HOBBIES,255.0,206.01
2016-02-26,WI_3,HOUSEHOLD,855.0,680.5
2016-02-27,CA_1,FOODS,3459.0,2791.96
2016-02-27,CA_1,HOBBIES,600.0,444.56
2016-02-27,CA_1,HOUSEHOLD,1270.0,1017.76
2016-02-27,CA_2,FOODS,3904.0,2843.78
2016-02-27,CA_2,HOBBIES,562.0,340.82
2016-02-27,CA_2,HOUSEHOLD,1604.0,1203.86
2016-02-27,CA_3,FOODS,4784.0,3916.34
2016-02-27,CA_3,HOBBIES,587.0,472.21
2016-02-27,CA_3,HOUSEHOLD,2004.0,1667.35
2016-02-27,CA_4,FOODS,1801.0,1300.84
2016-02-27,CA_4,HOBBIES,369.0,282.18
2016-02-27,CA_4,HOUSEHOLD,602.0,414.65
2016-02-27,TX_1,FOODS,2035.0,1726.39
2016-02-27,TX_1,HOBBIES,239.0,223.59
2016-02-27,TX_1,HOUSEHOLD,1087.0,929.36
2016-02-27,TX_2,FOODS,2831.0,2513.75
2016-02-27,TX_2,HOBBIES,420.0,307.59
2016-02-27,TX_2,HOUSEHOLD,1163.0,1060.07
2016-02-27,TX_3,FOODS,2384.0,2044.01
2016-02-27,TX_3,HOBBIES,373.0,330.35
2016-02-27,TX_3,HOUSEHOLD,1043.0,980.14
2016-02-27,WI_1,FOODS,3260.0,3059.81
2016-02-27,WI_1,HOBBIES,607.0,494.05
2016-02-27,WI_1,HOUSEHOLD,1125.0,945.1
2016-02-27,WI_2,FOODS,3367.0,2736.5
2016-02-27,WI_2,HOBBIES,343.0,222.31
2016-02-27,WI_2,HOUSEHOLD,1442.0,1275.04
2016-02-27,WI_3,FOODS,3242.0,2453.58
2016-02-27,WI_3,HOBBIES,289.0,221.48
2016-02-27,WI_3,HOUSEHOLD,1091.0,851.83
2016-02-28,CA_1,FOODS,3979.0,2855.88
2016-02-28,CA_1,HOBBIES,740.0,435.5
2016-02-28,CA_1,HOUSEHOLD,1479.0,1062.77
2016-02-28,CA_2,FOODS,3840.0,2696.53
2016-02-28,CA_2,HOBBIES,431.0,308.41
2016-02-28,CA_2,HOUSEHOLD,1624.0,1138.24
2016-02-28,CA_3,FOODS,4837.0,4029.53
2016-02-28,CA_3,HOBBIES,874.0,482.32
2016-02-28,CA_3,HOUSEHOLD,2172.0,1692.25
2016-02-28,CA_4,FOODS,2120.0,1374.14
2016-02-28,CA_4,HOBBIES,471.0,285.42
2016-02-28,CA_4,HOUSEHOLD,590.0,433.91
2016-02-28,TX_1,FOODS,2284.0,1858.49
2016-02-28,TX_1,HOBBIES,352.0,230.87
2016-02-28,TX_1,HOUSEHOLD,1293.0,949.09
2016-02-28,TX_2,FOODS,3129.0,2640.66
2016-02-28,TX_2,HOBBIES,432.0,326.07
2016-02-28,TX_2,HOUSEHOLD,1436.0,1060.25
2016-02-28,TX_3,FOODS,2802.0,2144.93
2016-02-28,TX_3,HOBBIES,438.0,329.25
2016-02-28,TX_3,HOUSEHOLD,1210.0,939.92
2016-02-28,WI_1,FOODS,3475.0,2697.58
2016-02-28,WI_1,HOBBIES,551.0,350.61
2016-02-28,WI_1,HOUSEHOLD,1013.0,753.46
2016-02-28,WI_2,FOODS,3271.0,2537.88
2016-02-28,WI_2,HOBBIES,355.0,198.28
2016-02-28,WI_2,HOUSEHOLD,1305.0,1042.16
2016-02-28,WI_3,FOODS,3097.0,2353.84
2016-02-28,WI_3,HOBBIES,240.0,197.08
2016-02-28,WI_3,HOUSEHOLD,1075.0,755.69
2016-02-29,CA_1,FOODS,2465.0,1944.49
2016-02-29,CA_1,HOBBIES,414.0,308.01
2016-02-29,CA_1,HOUSEHOLD,918.0,697.31
2016-02-29,CA_2,FOODS,2320.0,1737.55
2016-02-29,CA_2,HOBBIES,313.0,202.57
2016-02-29,CA_2,HOUSEHOLD,876.0,644.82
2016-02-29,CA_3,FOODS,3912.0,3126.37
2016-02-29,CA_3,HOBBIES,461.0,379.4
2016-02-29,CA_3,HOUSEHOLD,1918.0,1308.21
2016-02-29,CA_4,FOODS,1806.0,1191.26
2016-02-29,CA_4,HOBBIES,370.0,240.16
2016-02-29,CA_4,HOUSEHOLD,459.0,364.57
2016-02-29,TX_1,FOODS,1582.0,1352.29
2016-02-29,TX_1,HOBBIES,270.0,165.9
2016-02-29,TX_1,HOUSEHOLD,962.0,675.28
2016-02-29,TX_2,FOODS,2355.0,1978.65
2016-02-29,TX_2,HOBBIES,355.0,239.51
2016-02-29,TX_2,HOUSEHOLD,996.0,771.66
2016-02-29,TX_3,FOODS,2138.0,1780.22
2016-02-29,TX_3,HOBBIES,321.0,268.54
2016-02-29,TX_3,HOUSEHOLD,984.0,756.89
2016-02-29,WI_1,FOODS,2395.0,1656.95
2016-02-29,WI_1,HOBBIES,365.0,223.3
2016-02-29,WI_1,HOUSEHOLD,691.0,459.07
2016-02-29,WI_2,FOODS,2932.0,2184.75
2016-02-29,WI_2,HOBBIES,290.0,173.41
2016-02-29,WI_2,HOUSEHOLD,1139.0,903.53
2016-02-29,WI_3,FOODS,2182.0,1743.55
2016-02-29,WI_3,HOBBIES,290.0,151.66
2016-02-29,WI_3,HOUSEHOLD,780.0,554.91
2016-03-01,CA_1,FOODS,2404.0,1882.88
2016-03-01,CA_1,HOBBIES,568.0,295.29
2016-03-01,CA_1,HOUSEHOLD,858.0,630.3
2016-03-01,CA_2,FOODS,2289.0,1673.28
2016-03-01,CA_2,HOBBIES,389.0,200.82
2016-03-01,CA_2,HOUSEHOLD,973.0,602.06
2016-03-01,CA_3,FOODS,4244.0,3197.74
2016-03-01,CA_3,HOBBIES,489.0,354.3
2016-03-01,CA_3,HOUSEHOLD,1729.0,1224.15
2016-03-01,CA_4,FOODS,1531.0,1142.83
2016-03-01,CA_4,HOBBIES,302.0,234.64
2016-03-01,CA_4,HOUSEHOLD,521.0,336.8
2016-03-01,TX_1,FOODS,1840.0,1412.61
2016-03-01,TX_1,HOBBIES,263.0,158.49
2016-03-01,TX_1,HOUSEHOLD,859.0,629.91
2016-03-01,TX_2,FOODS,2454.0,1947.16
2016-03-01,TX_2,HOBBIES,474.0,211.7
2016-03-01,TX_2,HOUSEHOLD,1019.0,693.54
2016-03-01,TX_3,FOODS,2494.0,1903.15
2016-03-01,TX_3,HOBBIES,370.0,249.46
2016-03-01,TX_3,HOUSEHOLD,1069.0,709.97
2016-03-01,WI_1,FOODS,1532.0,1484.01
2016-03-01,WI_1,HOBBIES,222.0,198.13
2016-03-01,WI_1,HOUSEHOLD,434.0,399.58
2016-03-01,WI_2,FOODS,2708.0,2172.49
2016-03-01,WI_2,HOBBIES,244.0,173.89
2016-03-01,WI_2,HOUSEHOLD,1370.0,865.47
2016-03-01,WI_3,FOODS,1962.0,1629.69
2016-03-01,WI_3,HOBBIES,192.0,144.45
2016-03-01,WI_3,HOUSEHOLD,733.0,505.58
2016-03-02,CA_1,FOODS,2435.0,1869.39
2016-03-02,CA_1,HOBBIES,489.0,295.26
2016-03-02,CA_1,HOUSEHOLD,830.0,615.36
2016-03-02,CA_2,FOODS,2188.0,1682.28
2016-03-02,CA_2,HOBBIES,269.0,205.31
2016-03-02,CA_2,HOUSEHOLD,916.0,609.52
2016-03-02,CA_3,FOODS,3633.0,3115.35
2016-03-02,CA_3,HOBBIES,534.0,347.01
2016-03-02,CA_3,HOUSEHOLD,1533.0,1208.93
2016-03-02,CA_4,FOODS,1520.0,1126.15
2016-03-02,CA_4,HOBBIES,586.0,233.54
2016-03-02,CA_4,HOUSEHOLD,482.0,328.19
2016-03-02,TX_1,FOODS,1704.0,1228.22
2016-03-02,TX_1,HOBBIES,297.0,153.37
2016-03-02,TX_1,HOUSEHOLD,803.0,607.66
2016-03-02,TX_2,FOODS,2264.0,1713.7
2016-03-02,TX_2,HOBBIES,333.0,219.25
2016-03-02,TX_2,HOUSEHOLD,970.0,691.35
2016-03-02,TX_3,FOODS,2338.0,1615.19
2016-03-02,TX_3,HOBBIES,304.0,237.58
2016-03-02,TX_3,HOUSEHOLD,889.0,667.13
2016-03-02,WI_1,FOODS,2307.0,1650.03
2016-03-02,WI_1,HOBBIES,446.0,219.48
2016-03-02,WI_1,HOUSEHOLD,754.0,429.4
2016-03-02,WI_2,FOODS,3942.0,2993.55
2016-03-02,WI_2,HOBBIES,281.0,178.84
2016-03-02,WI_2,HOUSEHOLD,1447.0,904.0
2016-03-02,WI_3,FOODS,2819.0,2125.8
2016-03-02,WI_3,HOBBIES,274.0,150.41
2016-03-02,WI_3,HOUSEHOLD,871.0,542.17
2016-03-03,CA_1,FOODS,2465.0,1896.49
2016-03-03,CA_1,HOBBIES,436.0,287.26
2016-03-03,CA_1,HOUSEHOLD,868.0,607.52
2016-03-03,CA_2,FOODS,2235.0,1759.95
2016-03-03,CA_2,HOBBIES,389.0,208.1
2016-03-03,CA_2,HOUSEHOLD,909.0,618.0
2016-03-03,CA_3,FOODS,3701.0,3112.6
2016-03-03,CA_3,HOBBIES,584.0,341.72
2016-03-03,CA_3,HOUSEHOLD,1707.0,1190.12
2016-03-03,CA_4,FOODS,1438.0,1127.98
2016-03-03,CA_4,HOBBIES,403.0,236.02
2016-03-03,CA_4,HOUSEHOLD,486.0,325.0
2016-03-03,TX_1,FOODS,1963.0,1397.57
2016-03-03,TX_1,HOBBIES,225.0,156.75
2016-03-03,TX_1,HOUSEHOLD,954.0,609.15
2016-03-03,TX_2,FOODS,2678.0,1933.12
2016-03-03,TX_2,HOBBIES,396.0,220.86
2016-03-03,TX_2,HOUSEHOLD,1063.0,708.83
2016-03-03,TX_3,FOODS,2617.0,1869.89
2016-03-03,TX_3,HOBBIES,382.0,239.43
2016-03-03,TX_3,HOUSEHOLD,1118.0,677.75
2016-03-03,WI_1,FOODS,2421.0,1686.33
2016-03-03,WI_1,HOBBIES,397.0,231.7
2016-03-03,WI_1,HOUSEHOLD,678.0,444.04
2016-03-03,WI_2,FOODS,4678.0,2870.07
2016-03-03,WI_2,HOBBIES,364.0,165.57
2016-03-03,WI_2,HOUSEHOLD,1514.0,876.51
2016-03-03,WI_3,FOODS,3045.0,2143.01
2016-03-03,WI_3,HOBBIES,284.0,148.24
2016-03-03,WI_3,HOUSEHOLD,1061.0,554.82
2016-03-04,CA_1,FOODS,2835.0,2286.76
2016-03-04,CA_1,HOBBIES,441.0,334.01
2016-03-04,CA_1,HOUSEHOLD,887.0,733.23
2016-03-04,CA_2,FOODS,2556.0,2050.54
2016-03-04,CA_2,HOBBIES,456.0,249.27
2016-03-04,CA_2,HOUSEHOLD,869.0,765.68
2016-03-04,CA_3,FOODS,3424.0,3247.9
2016-03-04,CA_3,HOBBIES,541.0,367.63
2016-03-04,CA_3,HOUSEHOLD,1585.0,1284.43
2016-03-04,CA_4,FOODS,1585.0,1207.07
2016-03-04,CA_4,HOBBIES,425.0,247.29
2016-03-04,CA_4,HOUSEHOLD,491.0,339.98
2016-03-04,TX_1,FOODS,1850.0,1280.18
2016-03-04,TX_1,HOBBIES,266.0,155.51
2016-03-04,TX_1,HOUSEHOLD,886.0,634.21
2016-03-04,TX_2,FOODS,2350.0,1972.64
2016-03-04,TX_2,HOBBIES,315.0,249.89
2016-03-04,TX_2,HOUSEHOLD,866.0,813.51
2016-03-04,TX_3,FOODS,2295.0,1805.82
2016-03-04,TX_3,HOBBIES,366.0,244.22
2016-03-04,TX_3,HOUSEHOLD,964.0,746.26
2016-03-04,WI_1,FOODS,2629.0,2035.74
2016-03-04,WI_1,HOBBIES,360.0,306.69
2016-03-04,WI_1,HOUSEHOLD,824.0,580.91
2016-03-04,WI_2,FOODS,3564.0,2493.96
2016-03-04,WI_2,HOBBIES,262.0,190.41
2016-03-04,WI_2,HOUSEHOLD,1459.0,1104.27
2016-03-04,WI_3,FOODS,2790.0,2023.2
2016-03-04,WI_3,HOBBIES,271.0,187.24
2016-03-04,WI_3,HOUSEHOLD,913.0,717.38
2016-03-05,CA_1,FOODS,3661.0,3004.29
2016-03-05,CA_1,HOBBIES,596.0,428.43
2016-03-05,CA_1,HOUSEHOLD,1373.0,1035.86
2016-03-05,CA_2,FOODS,3875.0,2862.31
2016-03-05,CA_2,HOBBIES,576.0,345.48
2016-03-05,CA_2,HOUSEHOLD,1425.0,1216.83
2016-03-05,CA_3,FOODS,4720.0,4088.66
2016-03-05,CA_3,HOBBIES,710.0,485.2
2016-03-05,CA_3,HOUSEHOLD,2137.0,1756.28
2016-03-05,CA_4,FOODS,1950.0,1381.11
2016-03-05,CA_4,HOBBIES,414.0,283.48
2016-03-05,CA_4,HOUSEHOLD,585.0,412.58
2016-03-05,TX_1,FOODS,2302.0,1865.67
2016-03-05,TX_1,HOBBIES,268.0,213.05
2016-03-05,TX_1,HOUSEHOLD,1074.0,909.84
2016-03-05,TX_2,FOODS,3075.0,2620.63
2016-03-05,TX_2,HOBBIES,396.0,298.84
2016-03-05,TX_2,HOUSEHOLD,1204.0,1032.73
2016-03-05,TX_3,FOODS,2613.0,2337.56
2016-03-05,TX_3,HOBBIES,370.0,309.87
2016-03-05,TX_3,HOUSEHOLD,1193.0,945.89
2016-03-05,WI_1,FOODS,3670.0,2912.0
2016-03-05,WI_1,HOBBIES,710.0,456.19
2016-03-05,WI_1,HOUSEHOLD,1016.0,847.2
2016-03-05,WI_2,FOODS,5340.0,3440.16
2016-03-05,WI_2,HOBBIES,324.0,216.19
2016-03-05,WI_2,HOUSEHOLD,1373.0,1158.56
2016-03-05,WI_3,FOODS,3994.0,3073.47
2016-03-05,WI_3,HOBBIES,272.0,210.38
2016-03-05,WI_3,HOUSEHOLD,1106.0,900.59
2016-03-06,CA_1,FOODS,4435.0,3059.62
2016-03-06,CA_1,HOBBIES,826.0,425.54
2016-03-06,CA_1,HOUSEHOLD,1568.0,1083.35
2016-03-06,CA_2,FOODS,4068.0,2715.85
2016-03-06,CA_2,HOBBIES,604.0,312.18
2016-03-06,CA_2,HOUSEHOLD,1712.0,1151.05
2016-03-06,CA_3,FOODS,5615.0,4294.87
2016-03-06,CA_3,HOBBIES,699.0,487.36
2016-03-06,CA_3,HOUSEHOLD,2459.0,1799.79
2016-03-06,CA_4,FOODS,2100.0,1498.84
2016-03-06,CA_4,HOBBIES,430.0,288.47
2016-03-06,CA_4,HOUSEHOLD,708.0,436.95
2016-03-06,TX_1,FOODS,2652.0,2048.6
2016-03-06,TX_1,HOBBIES,407.0,226.6
2016-03-06,TX_1,HOUSEHOLD,1269.0,935.71
2016-03-06,TX_2,FOODS,3567.0,2857.09
2016-03-06,TX_2,HOBBIES,418.0,313.32
2016-03-06,TX_2,HOUSEHOLD,1389.0,1050.66
2016-03-06,TX_3,FOODS,2832.0,2453.77
2016-03-06,TX_3,HOBBIES,418.0,313.52
2016-03-06,TX_3,HOUSEHOLD,1203.0,952.95
2016-03-06,WI_1,FOODS,3941.0,2740.96
2016-03-06,WI_1,HOBBIES,476.0,336.55
2016-03-06,WI_1,HOUSEHOLD,1034.0,729.67
2016-03-06,WI_2,FOODS,5303.0,3467.32
2016-03-06,WI_2,HOBBIES,316.0,191.31
2016-03-06,WI_2,HOUSEHOLD,1338.0,1001.84
2016-03-06,WI_3,FOODS,4034.0,2971.92
2016-03-06,WI_3,HOBBIES,285.0,196.56
2016-03-06,WI_3,HOUSEHOLD,1112.0,827.09
2016-03-07,CA_1,FOODS,2977.0,2226.52
2016-03-07,CA_1,HOBBIES,470.0,313.95
2016-03-07,CA_1,HOUSEHOLD,946.0,747.12
2016-03-07,CA_2,FOODS,2388.0,1797.93
2016-03-07,CA_2,HOBBIES,301.0,214.49
2016-03-07,CA_2,HOUSEHOLD,795.0,670.9
2016-03-07,CA_3,FOODS,4366.0,3589.08
2016-03-07,CA_3,HOBBIES,500.0,394.46
2016-03-07,CA_3,HOUSEHOLD,1692.0,1404.83
2016-03-07,CA_4,FOODS,1812.0,1275.76
2016-03-07,CA_4,HOBBIES,421.0,252.78
2016-03-07,CA_4,HOUSEHOLD,480.0,377.36
2016-03-07,TX_1,FOODS,1989.0,1555.27
2016-03-07,TX_1,HOBBIES,229.0,159.7
2016-03-07,TX_1,HOUSEHOLD,894.0,666.15
2016-03-07,TX_2,FOODS,2877.0,2299.52
2016-03-07,TX_2,HOBBIES,322.0,233.94
2016-03-07,TX_2,HOUSEHOLD,1038.0,779.99
2016-03-07,TX_3,FOODS,2954.0,2143.88
2016-03-07,TX_3,HOBBIES,350.0,265.56
2016-03-07,TX_3,HOUSEHOLD,950.0,816.61
2016-03-07,WI_1,FOODS,2210.0,1651.16
2016-03-07,WI_1,HOBBIES,239.0,216.33
2016-03-07,WI_1,HOUSEHOLD,543.0,463.41
2016-03-07,WI_2,FOODS,3374.0,2566.3
2016-03-07,WI_2,HOBBIES,299.0,164.6
2016-03-07,WI_2,HOUSEHOLD,1123.0,874.64
2016-03-07,WI_3,FOODS,3031.0,1895.77
2016-03-07,WI_3,HOBBIES,225.0,150.56
2016-03-07,WI_3,HOUSEHOLD,767.0,591.84
2016-03-08,CA_1,FOODS,2688.0,2009.3
2016-03-08,CA_1,HOBBIES,455.0,288.8
2016-03-08,CA_1,HOUSEHOLD,787.0,647.4
2016-03-08,CA_2,FOODS,2474.0,1736.19
2016-03-08,CA_2,HOBBIES,338.0,205.34
2016-03-08,CA_2,HOUSEHOLD,731.0,622.47
2016-03-08,CA_3,FOODS,4082.0,3326.07
2016-03-08,CA_3,HOBBIES,575.0,364.61
2016-03-08,CA_3,HOUSEHOLD,1600.0,1251.23
2016-03-08,CA_4,FOODS,1634.0,1176.49
2016-03-08,CA_4,HOBBIES,293.0,238.03
2016-03-08,CA_4,HOUSEHOLD,426.0,345.05
2016-03-08,TX_1,FOODS,1813.0,1250.95
2016-03-08,TX_1,HOBBIES,237.0,145.8
2016-03-08,TX_1,HOUSEHOLD,760.0,589.76
2016-03-08,TX_2,FOODS,2280.0,1757.44
2016-03-08,TX_2,HOBBIES,294.0,200.79
2016-03-08,TX_2,HOUSEHOLD,913.0,649.38
2016-03-08,TX_3,FOODS,2316.0,1743.19
2016-03-08,TX_3,HOBBIES,353.0,230.36
2016-03-08,TX_3,HOUSEHOLD,820.0,691.59
2016-03-08,WI_1,FOODS,2074.0,1625.94
2016-03-08,WI_1,HOBBIES,284.0,200.16
2016-03-08,WI_1,HOUSEHOLD,528.0,419.97
2016-03-08,WI_2,FOODS,4025.0,3405.02
2016-03-08,WI_2,HOBBIES,210.0,164.41
2016-03-08,WI_2,HOUSEHOLD,943.0,839.2
2016-03-08,WI_3,FOODS,2890.0,2391.37
2016-03-08,WI_3,HOBBIES,201.0,154.15
2016-03-08,WI_3,HOUSEHOLD,703.0,584.39
2016-03-09,CA_1,FOODS,2493.0,1992.24
2016-03-09,CA_1,HOBBIES,464.0,304.35
2016-03-09,CA_1,HOUSEHOLD,715.0,627.89
2016-03-09,CA_2,FOODS,2596.0,1752.49
2016-03-09,CA_2,HOBBIES,331.0,206.05
2016-03-09,CA_2,HOUSEHOLD,825.0,617.12
2016-03-09,CA_3,FOODS,3936.0,3279.06
2016-03-09,CA_3,HOBBIES,519.0,363.23
2016-03-09,CA_3,HOUSEHOLD,1457.0,1216.87
2016-03-09,CA_4,FOODS,1455.0,1162.98
2016-03-09,CA_4,HOBBIES,276.0,245.46
2016-03-09,CA_4,HOUSEHOLD,477.0,337.42
2016-03-09,TX_1,FOODS,1674.0,1504.0
2016-03-09,TX_1,HOBBIES,166.0,156.96
2016-03-09,TX_1,HOUSEHOLD,751.0,625.68
2016-03-09,TX_2,FOODS,2131.0,2111.13
2016-03-09,TX_2,HOBBIES,307.0,223.9
2016-03-09,TX_2,HOUSEHOLD,840.0,706.29
2016-03-09,TX_3,FOODS,2109.0,1958.64
2016-03-09,TX_3,HOBBIES,318.0,232.19
2016-03-09,TX_3,HOUSEHOLD,795.0,697.85
2016-03-09,WI_1,FOODS,2485.0,1708.95
2016-03-09,WI_1,HOBBIES,310.0,217.12
2016-03-09,WI_1,HOUSEHOLD,578.0,452.87
2016-03-09,WI_2,FOODS,4043.0,3394.89
2016-03-09,WI_2,HOBBIES,277.0,163.51
2016-03-09,WI_2,HOUSEHOLD,1062.0,860.31
2016-03-09,WI_3,FOODS,2679.0,2400.92
2016-03-09,WI_3,HOBBIES,235.0,151.83
2016-03-09,WI_3,HOUSEHOLD,728.0,574.92
2016-03-10,CA_1,FOODS,2511.0,2023.99
2016-03-10,CA_1,HOBBIES,565.0,302.19
2016-03-10,CA_1,HOUSEHOLD,801.0,627.07
2016-03-10,CA_2,FOODS,2516.0,1833.1
2016-03-10,CA_2,HOBBIES,324.0,210.83
2016-03-10,CA_2,HOUSEHOLD,823.0,620.32
2016-03-10,CA_3,FOODS,3813.0,3263.92
2016-03-10,CA_3,HOBBIES,599.0,361.21
2016-03-10,CA_3,HOUSEHOLD,1408.0,1196.8
2016-03-10,CA_4,FOODS,1635.0,1162.79
2016-03-10,CA_4,HOBBIES,361.0,249.48
2016-03-10,CA_4,HOUSEHOLD,479.0,341.79
2016-03-10,TX_1,FOODS,1814.0,1294.96
2016-03-10,TX_1,HOBBIES,325.0,150.36
2016-03-10,TX_1,HOUSEHOLD,939.0,600.44
2016-03-10,TX_2,FOODS,2446.0,1828.52
2016-03-10,TX_2,HOBBIES,337.0,215.66
2016-03-10,TX_2,HOUSEHOLD,1093.0,686.15
2016-03-10,TX_3,FOODS,2466.0,1756.25
2016-03-10,TX_3,HOBBIES,279.0,234.04
2016-03-10,TX_3,HOUSEHOLD,949.0,682.72
2016-03-10,WI_1,FOODS,2233.0,1617.52
2016-03-10,WI_1,HOBBIES,375.0,213.75
2016-03-10,WI_1,HOUSEHOLD,646.0,447.87
2016-03-10,WI_2,FOODS,3617.0,2549.96
2016-03-10,WI_2,HOBBIES,366.0,157.77
2016-03-10,WI_2,HOUSEHOLD,1197.0,807.87
2016-03-10,WI_3,FOODS,2440.0,1888.91
2016-03-10,WI_3,HOBBIES,256.0,145.86
2016-03-10,WI_3,HOUSEHOLD,654.0,536.42
2016-03-11,CA_1,FOODS,2835.0,2235.91
2016-03-11,CA_1,HOBBIES,364.0,355.02
2016-03-11,CA_1,HOUSEHOLD,850.0,720.85
2016-03-11,CA_2,FOODS,2745.0,2106.74
2016-03-11,CA_2,HOBBIES,395.0,245.96
2016-03-11,CA_2,HOUSEHOLD,978.0,737.41
2016-03-11,CA_3,FOODS,3640.0,3123.62
2016-03-11,CA_3,HOBBIES,547.0,374.9
2016-03-11,CA_3,HOUSEHOLD,1602.0,1226.06
2016-03-11,CA_4,FOODS,1635.0,1222.89
2016-03-11,CA_4,HOBBIES,274.0,251.13
2016-03-11,CA_4,HOUSEHOLD,410.0,350.29
2016-03-11,TX_1,FOODS,1974.0,1586.06
2016-03-11,TX_1,HOBBIES,225.0,176.68
2016-03-11,TX_1,HOUSEHOLD,884.0,706.81
2016-03-11,TX_2,FOODS,2773.0,2232.85
2016-03-11,TX_2,HOBBIES,281.0,241.34
2016-03-11,TX_2,HOUSEHOLD,1117.0,814.27
2016-03-11,TX_3,FOODS,2620.0,2085.11
2016-03-11,TX_3,HOBBIES,257.0,247.84
2016-03-11,TX_3,HOUSEHOLD,935.0,738.24
2016-03-11,WI_1,FOODS,2501.0,2100.34
2016-03-11,WI_1,HOBBIES,457.0,285.74
2016-03-11,WI_1,HOUSEHOLD,832.0,591.15
2016-03-11,WI_2,FOODS,4297.0,3471.79
2016-03-11,WI_2,HOBBIES,265.0,183.62
2016-03-11,WI_2,HOUSEHOLD,1205.0,992.44
2016-03-11,WI_3,FOODS,2877.0,2623.86
2016-03-11,WI_3,HOBBIES,268.0,189.02
2016-03-11,WI_3,HOUSEHOLD,844.0,692.23
2016-03-12,CA_1,FOODS,3773.0,2931.09
2016-03-12,CA_1,HOBBIES,743.0,441.39
2016-03-12,CA_1,HOUSEHOLD,1417.0,1010.71
2016-03-12,CA_2,FOODS,3954.0,2971.45
2016-03-12,CA_2,HOBBIES,575.0,346.76
2016-03-12,CA_2,HOUSEHOLD,1667.0,1190.73
2016-03-12,CA_3,FOODS,4623.0,4015.86
2016-03-12,CA_3,HOBBIES,736.0,470.93
2016-03-12,CA_3,HOUSEHOLD,2243.0,1661.82
2016-03-12,CA_4,FOODS,1763.0,1421.15
2016-03-12,CA_4,HOBBIES,420.0,280.08
2016-03-12,CA_4,HOUSEHOLD,601.0,424.97
2016-03-12,TX_1,FOODS,2465.0,1960.94
2016-03-12,TX_1,HOBBIES,307.0,207.62
2016-03-12,TX_1,HOUSEHOLD,1256.0,915.08
2016-03-12,TX_2,FOODS,3033.0,2691.39
2016-03-12,TX_2,HOBBIES,372.0,280.25
2016-03-12,TX_2,HOUSEHOLD,1251.0,1035.78
2016-03-12,TX_3,FOODS,2834.0,2368.75
2016-03-12,TX_3,HOBBIES,405.0,290.0
2016-03-12,TX_3,HOUSEHOLD,1190.0,909.6
2016-03-12,WI_1,FOODS,3488.0,2865.4
2016-03-12,WI_1,HOBBIES,601.0,436.11
2016-03-12,WI_1,HOUSEHOLD,1107.0,838.99
2016-03-12,WI_2,FOODS,5057.0,3771.57
2016-03-12,WI_2,HOBBIES,297.0,215.86
2016-03-12,WI_2,HOUSEHOLD,1426.0,1107.24
2016-03-12,WI_3,FOODS,3744.0,3153.73
2016-03-12,WI_3,HOBBIES,354.0,207.38
2016-03-12,WI_3,HOUSEHOLD,1009.0,839.47
2016-03-13,CA_1,FOODS,3596.0,3052.24
2016-03-13,CA_1,HOBBIES,597.0,435.66
2016-03-13,CA_1,HOUSEHOLD,1253.0,1064.76
2016-03-13,CA_2,FOODS,3848.0,2854.7
2016-03-13,CA_2,HOBBIES,512.0,321.26
2016-03-13,CA_2,HOUSEHOLD,1577.0,1148.29
2016-03-13,CA_3,FOODS,4942.0,4170.23
2016-03-13,CA_3,HOBBIES,627.0,498.93
2016-03-13,CA_3,HOUSEHOLD,2305.0,1747.75
2016-03-13,CA_4,FOODS,1802.0,1502.83
2016-03-13,CA_4,HOBBIES,323.0,282.65
2016-03-13,CA_4,HOUSEHOLD,555.0,444.28
2016-03-13,TX_1,FOODS,2465.0,2094.61
2016-03-13,TX_1,HOBBIES,356.0,225.46
2016-03-13,TX_1,HOUSEHOLD,1254.0,968.6
2016-03-13,TX_2,FOODS,3618.0,2845.38
2016-03-13,TX_2,HOBBIES,390.0,295.56
2016-03-13,TX_2,HOUSEHOLD,1209.0,1055.77
2016-03-13,TX_3,FOODS,2825.0,2516.17
2016-03-13,TX_3,HOBBIES,313.0,295.0
2016-03-13,TX_3,HOUSEHOLD,1036.0,901.83
2016-03-13,WI_1,FOODS,3379.0,2588.73
2016-03-13,WI_1,HOBBIES,454.0,333.9
2016-03-13,WI_1,HOUSEHOLD,931.0,731.56
2016-03-13,WI_2,FOODS,4586.0,2875.29
2016-03-13,WI_2,HOBBIES,365.0,190.93
2016-03-13,WI_2,HOUSEHOLD,1327.0,931.27
2016-03-13,WI_3,FOODS,3649.0,2540.79
2016-03-13,WI_3,HOBBIES,292.0,185.07
2016-03-13,WI_3,HOUSEHOLD,1035.0,738.87
2016-03-14,CA_1,FOODS,2775.0,2052.04
2016-03-14,CA_1,HOBBIES,461.0,308.64
2016-03-14,CA_1,HOUSEHOLD,954.0,701.16
2016-03-14,CA_2,FOODS,2360.0,1830.83
2016-03-14,CA_2,HOBBIES,333.0,215.13
2016-03-14,CA_2,HOUSEHOLD,867.0,657.42
2016-03-14,CA_3,FOODS,4179.0,3247.7
2016-03-14,CA_3,HOBBIES,595.0,379.11
2016-03-14,CA_3,HOUSEHOLD,1684.0,1367.91
2016-03-14,CA_4,FOODS,1742.0,1244.22
2016-03-14,CA_4,HOBBIES,345.0,244.86
2016-03-14,CA_4,HOUSEHOLD,563.0,375.37
2016-03-14,TX_1,FOODS,2224.0,1428.4
2016-03-14,TX_1,HOBBIES,257.0,164.11
2016-03-14,TX_1,HOUSEHOLD,1022.0,687.24
2016-03-14,TX_2,FOODS,2931.0,2034.93
2016-03-14,TX_2,HOBBIES,335.0,222.57
2016-03-14,TX_2,HOUSEHOLD,1020.0,784.51
2016-03-14,TX_3,FOODS,2633.0,1969.7
2016-03-14,TX_3,HOBBIES,466.0,234.78
2016-03-14,TX_3,HOUSEHOLD,994.0,746.56
2016-03-14,WI_1,FOODS,2360.0,1757.16
2016-03-14,WI_1,HOBBIES,337.0,218.56
2016-03-14,WI_1,HOUSEHOLD,604.0,464.23
2016-03-14,WI_2,FOODS,4721.0,3427.07
2016-03-14,WI_2,HOBBIES,233.0,165.52
2016-03-14,WI_2,HOUSEHOLD,971.0,815.24
2016-03-14,WI_3,FOODS,3161.0,2506.58
2016-03-14,WI_3,HOBBIES,231.0,157.31
2016-03-14,WI_3,HOUSEHOLD,677.0,575.48
2016-03-15,CA_1,FOODS,2203.0,1779.33
2016-03-15,CA_1,HOBBIES,431.0,282.99
2016-03-15,CA_1,HOUSEHOLD,823.0,604.27
2016-03-15,CA_2,FOODS,2242.0,1729.87
2016-03-15,CA_2,HOBBIES,351.0,206.86
2016-03-15,CA_2,HOUSEHOLD,837.0,599.22
2016-03-15,CA_3,FOODS,3663.0,2935.22
2016-03-15,CA_3,HOBBIES,510.0,348.37
2016-03-15,CA_3,HOUSEHOLD,1488.0,1211.33
2016-03-15,CA_4,FOODS,1627.0,1122.69
2016-03-15,CA_4,HOBBIES,383.0,228.2
2016-03-15,CA_4,HOUSEHOLD,493.0,340.99
2016-03-15,TX_1,FOODS,2273.0,1526.52
2016-03-15,TX_1,HOBBIES,295.0,153.66
2016-03-15,TX_1,HOUSEHOLD,1033.0,652.74
2016-03-15,TX_2,FOODS,2698.0,2042.78
2016-03-15,TX_2,HOBBIES,428.0,203.99
2016-03-15,TX_2,HOUSEHOLD,987.0,715.46
2016-03-15,TX_3,FOODS,2694.0,2052.96
2016-03-15,TX_3,HOBBIES,326.0,228.18
2016-03-15,TX_3,HOUSEHOLD,925.0,707.61
2016-03-15,WI_1,FOODS,2327.0,1636.82
2016-03-15,WI_1,HOBBIES,351.0,208.5
2016-03-15,WI_1,HOUSEHOLD,531.0,425.39
2016-03-15,WI_2,FOODS,4687.0,3410.97
2016-03-15,WI_2,HOBBIES,274.0,162.63
2016-03-15,WI_2,HOUSEHOLD,1080.0,826.6
2016-03-15,WI_3,FOODS,3289.0,2365.02
2016-03-15,WI_3,HOBBIES,203.0,153.95
2016-03-15,WI_3,HOUSEHOLD,665.0,536.75
2016-03-16,CA_1,FOODS,2362.0,1733.65
2016-03-16,CA_1,HOBBIES,472.0,280.39
2016-03-16,CA_1,HOUSEHOLD,753.0,585.4
2016-03-16,CA_2,FOODS,2234.0,1719.67
2016-03-16,CA_2,HOBBIES,450.0,206.03
2016-03-16,CA_2,HOUSEHOLD,797.0,601.29
2016-03-16,CA_3,FOODS,3388.0,2802.03
2016-03-16,CA_3,HOBBIES,592.0,342.19
2016-03-16,CA_3,HOUSEHOLD,1532.0,1156.67
2016-03-16,CA_4,FOODS,1470.0,1100.19
2016-03-16,CA_4,HOBBIES,324.0,229.84
2016-03-16,CA_4,HOUSEHOLD,433.0,333.98
2016-03-16,TX_1,FOODS,1961.0,1339.56
2016-03-16,TX_1,HOBBIES,296.0,151.71
2016-03-16,TX_1,HOUSEHOLD,918.0,640.91
2016-03-16,TX_2,FOODS,2295.0,1799.88
2016-03-16,TX_2,HOBBIES,313.0,210.44
2016-03-16,TX_2,HOUSEHOLD,887.0,693.19
2016-03-16,TX_3,FOODS,2505.0,1739.93
2016-03-16,TX_3,HOBBIES,340.0,211.96
2016-03-16,TX_3,HOUSEHOLD,963.0,649.88
2016-03-16,WI_1,FOODS,2349.0,1575.58
2016-03-16,WI_1,HOBBIES,315.0,225.68
2016-03-16,WI_1,HOUSEHOLD,512.0,438.25
2016-03-16,WI_2,FOODS,3750.0,2557.09
2016-03-16,WI_2,HOBBIES,280.0,161.12
2016-03-16,WI_2,HOUSEHOLD,1020.0,797.77
2016-03-16,WI_3,FOODS,2291.0,1824.5
2016-03-16,WI_3,HOBBIES,239.0,145.53
2016-03-16,WI_3,HOUSEHOLD,565.0,502.2
2016-03-17,CA_1,FOODS,2211.0,1665.37
2016-03-17,CA_1,HOBBIES,335.0,271.11
2016-03-17,CA_1,HOUSEHOLD,783.0,553.26
2016-03-17,CA_2,FOODS,2326.0,1754.99
2016-03-17,CA_2,HOBBIES,334.0,214.08
2016-03-17,CA_2,HOUSEHOLD,751.0,614.66
2016-03-17,CA_3,FOODS,3334.0,2653.85
2016-03-17,CA_3,HOBBIES,561.0,333.01
2016-03-17,CA_3,HOUSEHOLD,1382.0,1109.66
2016-03-17,CA_4,FOODS,1417.0,1040.46
2016-03-17,CA_4,HOBBIES,311.0,211.15
2016-03-17,CA_4,HOUSEHOLD,451.0,308.48
2016-03-17,TX_1,FOODS,1894.0,1363.01
2016-03-17,TX_1,HOBBIES,239.0,149.88
2016-03-17,TX_1,HOUSEHOLD,857.0,633.54
2016-03-17,TX_2,FOODS,2433.0,1798.8
2016-03-17,TX_2,HOBBIES,334.0,204.44
2016-03-17,TX_2,HOUSEHOLD,997.0,640.83
2016-03-17,TX_3,FOODS,2152.0,1713.91
2016-03-17,TX_3,HOBBIES,416.0,198.95
2016-03-17,TX_3,HOUSEHOLD,848.0,606.55
2016-03-17,WI_1,FOODS,2170.0,1483.6
2016-03-17,WI_1,HOBBIES,269.0,206.64
2016-03-17,WI_1,HOUSEHOLD,589.0,393.9
2016-03-17,WI_2,FOODS,3032.0,2415.63
2016-03-17,WI_2,HOBBIES,202.0,153.04
2016-03-17,WI_2,HOUSEHOLD,969.0,723.42
2016-03-17,WI_3,FOODS,2533.0,1703.67
2016-03-17,WI_3,HOBBIES,217.0,136.48
2016-03-17,WI_3,HOUSEHOLD,662.0,463.93
2016-03-18,CA_1,FOODS,2749.0,2182.47
2016-03-18,CA_1,HOBBIES,585.0,341.5
2016-03-18,CA_1,HOUSEHOLD,951.0,730.08
2016-03-18,CA_2,FOODS,2747.0,2052.24
2016-03-18,CA_2,HOBBIES,385.0,247.76
2016-03-18,CA_2,HOUSEHOLD,995.0,738.91
2016-03-18,CA_3,FOODS,3440.0,2916.5
2016-03-18,CA_3,HOBBIES,642.0,380.11
2016-03-18,CA_3,HOUSEHOLD,1562.0,1230.47
2016-03-18,CA_4,FOODS,1744.0,1185.04
2016-03-18,CA_4,HOBBIES,363.0,235.4
2016-03-18,CA_4,HOUSEHOLD,501.0,351.35
2016-03-18,TX_1,FOODS,1895.0,1441.63
2016-03-18,TX_1,HOBBIES,236.0,167.98
2016-03-18,TX_1,HOUSEHOLD,868.0,710.0
2016-03-18,TX_2,FOODS,2854.0,2058.64
2016-03-18,TX_2,HOBBIES,349.0,250.95
2016-03-18,TX_2,HOUSEHOLD,1021.0,808.46
2016-03-18,TX_3,FOODS,2272.0,1897.18
2016-03-18,TX_3,HOBBIES,314.0,238.28
2016-03-18,TX_3,HOUSEHOLD,947.0,748.59
2016-03-18,WI_1,FOODS,2476.0,1954.7
2016-03-18,WI_1,HOBBIES,324.0,289.13
2016-03-18,WI_1,HOUSEHOLD,709.0,552.62
2016-03-18,WI_2,FOODS,3651.0,2697.0
2016-03-18,WI_2,HOBBIES,283.0,178.56
2016-03-18,WI_2,HOUSEHOLD,1045.0,958.12
2016-03-18,WI_3,FOODS,2627.0,2093.92
2016-03-18,WI_3,HOBBIES,313.0,188.3
2016-03-18,WI_3,HOUSEHOLD,804.0,662.11
2016-03-19,CA_1,FOODS,3725.0,2890.25
2016-03-19,CA_1,HOBBIES,612.0,446.15
2016-03-19,CA_1,HOUSEHOLD,1322.0,1040.72
2016-03-19,CA_2,FOODS,1773.0,2898.44
2016-03-19,CA_2,HOBBIES,300.0,361.85
2016-03-19,CA_2,HOUSEHOLD,706.0,1219.27
2016-03-19,CA_3,FOODS,4721.0,3781.05
2016-03-19,CA_3,HOBBIES,678.0,466.43
2016-03-19,CA_3,HOUSEHOLD,2109.0,1654.64
2016-03-19,CA_4,FOODS,1875.0,1400.91
2016-03-19,CA_4,HOBBIES,473.0,275.73
2016-03-19,CA_4,HOUSEHOLD,606.0,427.57
2016-03-19,TX_1,FOODS,2121.0,1862.14
2016-03-19,TX_1,HOBBIES,362.0,207.23
2016-03-19,TX_1,HOUSEHOLD,1150.0,939.51
2016-03-19,TX_2,FOODS,2799.0,2603.04
2016-03-19,TX_2,HOBBIES,487.0,293.71
2016-03-19,TX_2,HOUSEHOLD,1242.0,997.08
2016-03-19,TX_3,FOODS,2469.0,2181.15
2016-03-19,TX_3,HOBBIES,476.0,280.44
2016-03-19,TX_3,HOUSEHOLD,1104.0,899.95
2016-03-19,WI_1,FOODS,3283.0,2807.0
2016-03-19,WI_1,HOBBIES,751.0,448.77
2016-03-19,WI_1,HOUSEHOLD,1068.0,828.57
2016-03-19,WI_2,FOODS,3789.0,3108.32
2016-03-19,WI_2,HOBBIES,282.0,212.09
2016-03-19,WI_2,HOUSEHOLD,1156.0,1083.01
2016-03-19,WI_3,FOODS,3444.0,2636.8
2016-03-19,WI_3,HOBBIES,314.0,196.83
2016-03-19,WI_3,HOUSEHOLD,984.0,791.98
2016-03-20,CA_1,FOODS,4240.0,3010.7
2016-03-20,CA_1,HOBBIES,493.0,442.06
2016-03-20,CA_1,HOUSEHOLD,1464.0,1088.77
2016-03-20,CA_2,FOODS,1406.0,2604.69
2016-03-20,CA_2,HOBBIES,215.0,314.47
2016-03-20,CA_2,HOUSEHOLD,679.0,1112.58
2016-03-20,CA_3,FOODS,4755.0,4047.12
2016-03-20,CA_3,HOBBIES,688.0,487.66
2016-03-20,CA_3,HOUSEHOLD,2332.0,1733.32
2016-03-20,CA_4,FOODS,2088.0,1481.45
2016-03-20,CA_4,HOBBIES,416.0,281.67
2016-03-20,CA_4,HOUSEHOLD,645.0,446.73
2016-03-20,TX_1,FOODS,2453.0,2021.52
2016-03-20,TX_1,HOBBIES,320.0,221.44
2016-03-20,TX_1,HOUSEHOLD,1360.0,978.78
2016-03-20,TX_2,FOODS,3214.0,2759.77
2016-03-20,TX_2,HOBBIES,393.0,305.77
2016-03-20,TX_2,HOUSEHOLD,1321.0,1016.92
2016-03-20,TX_3,FOODS,2815.0,2296.14
2016-03-20,TX_3,HOBBIES,454.0,289.01
2016-03-20,TX_3,HOUSEHOLD,1098.0,911.32
2016-03-20,WI_1,FOODS,3508.0,2549.22
2016-03-20,WI_1,HOBBIES,462.0,326.84
2016-03-20,WI_1,HOUSEHOLD,1033.0,708.05
2016-03-20,WI_2,FOODS,4159.0,2804.12
2016-03-20,WI_2,HOBBIES,292.0,189.72
2016-03-20,WI_2,HOUSEHOLD,1206.0,883.91
2016-03-20,WI_3,FOODS,3120.0,2484.14
2016-03-20,WI_3,HOBBIES,273.0,183.78
2016-03-20,WI_3,HOUSEHOLD,923.0,719.77
2016-03-21,CA_1,FOODS,2766.0,2042.85
2016-03-21,CA_1,HOBBIES,532.0,320.6
2016-03-21,CA_1,HOUSEHOLD,944.0,715.65
2016-03-21,CA_2,FOODS,2245.0,1549.31
2016-03-21,CA_2,HOBBIES,342.0,198.19
2016-03-21,CA_2,HOUSEHOLD,909.0,590.91
2016-03-21,CA_3,FOODS,4003.0,3105.34
2016-03-21,CA_3,HOBBIES,508.0,377.35
2016-03-21,CA_3,HOUSEHOLD,1728.0,1315.21
2016-03-21,CA_4,FOODS,1700.0,1278.21
2016-03-21,CA_4,HOBBIES,331.0,247.61
2016-03-21,CA_4,HOUSEHOLD,533.0,380.12
2016-03-21,TX_1,FOODS,1719.0,1440.29
2016-03-21,TX_1,HOBBIES,200.0,154.31
2016-03-21,TX_1,HOUSEHOLD,838.0,692.34
2016-03-21,TX_2,FOODS,2464.0,2033.76
2016-03-21,TX_2,HOBBIES,297.0,227.93
2016-03-21,TX_2,HOUSEHOLD,905.0,750.65
2016-03-21,TX_3,FOODS,2290.0,1898.23
2016-03-21,TX_3,HOBBIES,329.0,238.61
2016-03-21,TX_3,HOUSEHOLD,931.0,736.46
2016-03-21,WI_1,FOODS,2180.0,1630.01
2016-03-21,WI_1,HOBBIES,413.0,213.67
2016-03-21,WI_1,HOUSEHOLD,656.0,448.85
2016-03-21,WI_2,FOODS,3309.0,2371.02
2016-03-21,WI_2,HOBBIES,219.0,158.0
2016-03-21,WI_2,HOUSEHOLD,974.0,752.18
2016-03-21,WI_3,FOODS,2234.0,1852.27
2016-03-21,WI_3,HOBBIES,171.0,145.43
2016-03-21,WI_3,HOUSEHOLD,690.0,522.6
2016-03-22,CA_1,FOODS,2598.0,1776.93
2016-03-22,CA_1,HOBBIES,440.0,285.31
2016-03-22,CA_1,HOUSEHOLD,738.0,607.33
2016-03-22,CA_2,FOODS,2514.0,1487.35
2016-03-22,CA_2,HOBBIES,286.0,190.32
2016-03-22,CA_2,HOUSEHOLD,845.0,550.16
2016-03-22,CA_3,FOODS,3761.0,2796.36
2016-03-22,CA_3,HOBBIES,439.0,353.68
2016-03-22,CA_3,HOUSEHOLD,1503.0,1186.66
2016-03-22,CA_4,FOODS,1602.0,1146.06
2016-03-22,CA_4,HOBBIES,393.0,227.94
2016-03-22,CA_4,HOUSEHOLD,462.0,344.67
2016-03-22,TX_1,FOODS,1751.0,1279.63
2016-03-22,TX_1,HOBBIES,220.0,142.99
2016-03-22,TX_1,HOUSEHOLD,846.0,621.29
2016-03-22,TX_2,FOODS,2390.0,1604.87
2016-03-22,TX_2,HOBBIES,361.0,174.95
2016-03-22,TX_2,HOUSEHOLD,913.0,581.57
2016-03-22,TX_3,FOODS,2260.0,1672.05
2016-03-22,TX_3,HOBBIES,306.0,208.85
2016-03-22,TX_3,HOUSEHOLD,779.0,644.05
2016-03-22,WI_1,FOODS,2197.0,1528.74
2016-03-22,WI_1,HOBBIES,302.0,212.62
2016-03-22,WI_1,HOUSEHOLD,534.0,422.96
2016-03-22,WI_2,FOODS,2984.0,2258.81
2016-03-22,WI_2,HOBBIES,222.0,157.42
2016-03-22,WI_2,HOUSEHOLD,862.0,721.76
2016-03-22,WI_3,FOODS,2185.0,1690.45
2016-03-22,WI_3,HOBBIES,171.0,140.23
2016-03-22,WI_3,HOUSEHOLD,611.0,490.86
2016-03-23,CA_1,FOODS,2554.0,1760.5
2016-03-23,CA_1,HOBBIES,454.0,289.77
2016-03-23,CA_1,HOUSEHOLD,762.0,584.25
2016-03-23,CA_2,FOODS,2177.0,1514.63
2016-03-23,CA_2,HOBBIES,387.0,190.34
2016-03-23,CA_2,HOUSEHOLD,758.0,550.33
2016-03-23,CA_3,FOODS,3666.0,2714.71
2016-03-23,CA_3,HOBBIES,540.0,341.06
2016-03-23,CA_3,HOUSEHOLD,1445.0,1138.78
2016-03-23,CA_4,FOODS,1598.0,1121.65
2016-03-23,CA_4,HOBBIES,283.0,226.07
2016-03-23,CA_4,HOUSEHOLD,517.0,336.5
2016-03-23,TX_1,FOODS,1727.0,1256.98
2016-03-23,TX_1,HOBBIES,216.0,139.82
2016-03-23,TX_1,HOUSEHOLD,911.0,601.1
2016-03-23,TX_2,FOODS,2470.0,1931.69
2016-03-23,TX_2,HOBBIES,452.0,239.56
2016-03-23,TX_2,HOUSEHOLD,978.0,743.47
2016-03-23,TX_3,FOODS,2241.0,1624.84
2016-03-23,TX_3,HOBBIES,439.0,204.05
2016-03-23,TX_3,HOUSEHOLD,907.0,630.51
2016-03-23,WI_1,FOODS,2065.0,1585.03
2016-03-23,WI_1,HOBBIES,223.0,226.04
2016-03-23,WI_1,HOUSEHOLD,463.0,448.06
2016-03-23,WI_2,FOODS,2866.0,2194.69
2016-03-23,WI_2,HOBBIES,229.0,153.63
2016-03-23,WI_2,HOUSEHOLD,831.0,724.07
2016-03-23,WI_3,FOODS,1898.0,1646.69
2016-03-23,WI_3,HOBBIES,199.0,138.93
2016-03-23,WI_3,HOUSEHOLD,530.0,481.44
2016-03-24,CA_1,FOODS,2681.0,1805.26
2016-03-24,CA_1,HOBBIES,474.0,287.58
2016-03-24,CA_1,HOUSEHOLD,815.0,582.5
2016-03-24,CA_2,FOODS,2261.0,1567.59
2016-03-24,CA_2,HOBBIES,300.0,200.53
2016-03-24,CA_2,HOUSEHOLD,768.0,564.01
2016-03-24,CA_3,FOODS,3380.0,2600.17
2016-03-24,CA_3,HOBBIES,576.0,317.66
2016-03-24,CA_3,HOUSEHOLD,1453.0,1092.85
2016-03-24,CA_4,FOODS,1704.0,1152.47
2016-03-24,CA_4,HOBBIES,299.0,237.57
2016-03-24,CA_4,HOUSEHOLD,517.0,343.06
2016-03-24,TX_1,FOODS,1626.0,1249.85
2016-03-24,TX_1,HOBBIES,190.0,138.58
2016-03-24,TX_1,HOUSEHOLD,821.0,599.65
2016-03-24,TX_2,FOODS,2223.0,1920.43
2016-03-24,TX_2,HOBBIES,335.0,229.63
2016-03-24,TX_2,HOUSEHOLD,802.0,722.06
2016-03-24,TX_3,FOODS,2156.0,1617.81
2016-03-24,TX_3,HOBBIES,388.0,209.15
2016-03-24,TX_3,HOUSEHOLD,764.0,632.52
2016-03-24,WI_1,FOODS,1984.0,1556.25
2016-03-24,WI_1,HOBBIES,260.0,231.59
2016-03-24,WI_1,HOUSEHOLD,474.0,439.35
2016-03-24,WI_2,FOODS,2764.0,2062.58
2016-03-24,WI_2,HOBBIES,245.0,152.42
2016-03-24,WI_2,HOUSEHOLD,825.0,668.17
2016-03-24,WI_3,FOODS,2095.0,1592.98
2016-03-24,WI_3,HOBBIES,285.0,133.84
2016-03-24,WI_3,HOUSEHOLD,538.0,464.27
2016-03-25,CA_1,FOODS,3421.0,2295.66
2016-03-25,CA_1,HOBBIES,446.0,346.71
2016-03-25,CA_1,HOUSEHOLD,1037.0,736.05
2016-03-25,CA_2,FOODS,3177.0,1820.96
2016-03-25,CA_2,HOBBIES,528.0,231.55
2016-03-25,CA_2,HOUSEHOLD,1091.0,675.69
2016-03-25,CA_3,FOODS,4204.0,2908.91
2016-03-25,CA_3,HOBBIES,550.0,369.76
2016-03-25,CA_3,HOUSEHOLD,1619.0,1233.05
2016-03-25,CA_4,FOODS,1817.0,1255.28
2016-03-25,CA_4,HOBBIES,325.0,244.84
2016-03-25,CA_4,HOUSEHOLD,479.0,361.65
2016-03-25,TX_1,FOODS,2271.0,1350.04
2016-03-25,TX_1,HOBBIES,270.0,154.25
2016-03-25,TX_1,HOUSEHOLD,937.0,675.72
2016-03-25,TX_2,FOODS,3179.0,1959.14
2016-03-25,TX_2,HOBBIES,376.0,250.49
2016-03-25,TX_2,HOUSEHOLD,1045.0,778.23
2016-03-25,TX_3,FOODS,2860.0,1772.16
2016-03-25,TX_3,HOBBIES,390.0,235.65
2016-03-25,TX_3,HOUSEHOLD,907.0,702.74
2016-03-25,WI_1,FOODS,3503.0,1980.93
2016-03-25,WI_1,HOBBIES,635.0,298.44
2016-03-25,WI_1,HOUSEHOLD,956.0,565.46
2016-03-25,WI_2,FOODS,3411.0,2456.07
2016-03-25,WI_2,HOBBIES,321.0,185.95
2016-03-25,WI_2,HOUSEHOLD,1486.0,961.2
2016-03-25,WI_3,FOODS,3063.0,1883.51
2016-03-25,WI_3,HOBBIES,389.0,179.46
2016-03-25,WI_3,HOUSEHOLD,918.0,644.27
2016-03-26,CA_1,FOODS,4251.0,3117.51
2016-03-26,CA_1,HOBBIES,610.0,432.93
2016-03-26,CA_1,HOUSEHOLD,1278.0,1054.94
2016-03-26,CA_2,FOODS,4467.0,2577.25
2016-03-26,CA_2,HOBBIES,464.0,333.06
2016-03-26,CA_2,HOUSEHOLD,1498.0,1090.84
2016-03-26,CA_3,FOODS,5333.0,3846.94
2016-03-26,CA_3,HOBBIES,589.0,454.47
2016-03-26,CA_3,HOUSEHOLD,2056.0,1665.86
2016-03-26,CA_4,FOODS,2287.0,1489.8
2016-03-26,CA_4,HOBBIES,375.0,283.36
2016-03-26,CA_4,HOUSEHOLD,579.0,442.18
2016-03-26,TX_1,FOODS,2556.0,1768.64
2016-03-26,TX_1,HOBBIES,326.0,197.16
2016-03-26,TX_1,HOUSEHOLD,1141.0,901.09
2016-03-26,TX_2,FOODS,3498.0,2486.87
2016-03-26,TX_2,HOBBIES,408.0,292.22
2016-03-26,TX_2,HOUSEHOLD,1140.0,975.65
2016-03-26,TX_3,FOODS,3034.0,2125.1
2016-03-26,TX_3,HOBBIES,450.0,291.91
2016-03-26,TX_3,HOUSEHOLD,1042.0,878.48
2016-03-26,WI_1,FOODS,4325.0,2931.59
2016-03-26,WI_1,HOBBIES,678.0,468.52
2016-03-26,WI_1,HOUSEHOLD,1147.0,841.57
2016-03-26,WI_2,FOODS,3821.0,2831.63
2016-03-26,WI_2,HOBBIES,292.0,212.19
2016-03-26,WI_2,HOUSEHOLD,1349.0,1074.87
2016-03-26,WI_3,FOODS,3563.0,2421.24
2016-03-26,WI_3,HOBBIES,284.0,198.4
2016-03-26,WI_3,HOUSEHOLD,1022.0,769.9
2016-03-27,CA_1,FOODS,3366.0,2815.03
2016-03-27,CA_1,HOBBIES,369.0,371.84
2016-03-27,CA_1,HOUSEHOLD,934.0,930.97
2016-03-27,CA_2,FOODS,4101.0,2406.45
2016-03-27,CA_2,HOBBIES,492.0,286.72
2016-03-27,CA_2,HOUSEHOLD,1703.0,988.5
2016-03-27,CA_3,FOODS,4906.0,3341.57
2016-03-27,CA_3,HOBBIES,674.0,359.27
2016-03-27,CA_3,HOUSEHOLD,2070.0,1443.7
2016-03-27,CA_4,FOODS,1823.0,1407.92
2016-03-27,CA_4,HOBBIES,285.0,252.3
2016-03-27,CA_4,HOUSEHOLD,573.0,386.68
2016-03-27,TX_1,FOODS,3087.0,1951.56
2016-03-27,TX_1,HOBBIES,335.0,213.22
2016-03-27,TX_1,HOUSEHOLD,1167.0,911.16
2016-03-27,TX_2,FOODS,3447.0,2509.67
2016-03-27,TX_2,HOBBIES,330.0,258.61
2016-03-27,TX_2,HOUSEHOLD,982.0,830.55
2016-03-27,TX_3,FOODS,2791.0,2142.53
2016-03-27,TX_3,HOBBIES,442.0,258.54
2016-03-27,TX_3,HOUSEHOLD,755.0,746.6
2016-03-27,WI_1,FOODS,2567.0,2261.99
2016-03-27,WI_1,HOBBIES,334.0,287.02
2016-03-27,WI_1,HOUSEHOLD,649.0,584.78
2016-03-27,WI_2,FOODS,3141.0,2192.47
2016-03-27,WI_2,HOBBIES,201.0,165.72
2016-03-27,WI_2,HOUSEHOLD,785.0,761.8
2016-03-27,WI_3,FOODS,3007.0,2046.99
2016-03-27,WI_3,HOBBIES,181.0,163.48
2016-03-27,WI_3,HOUSEHOLD,863.0,613.99
2016-03-28,CA_1,FOODS,2480.0,2156.89
2016-03-28,CA_1,HOBBIES,535.0,296.58
2016-03-28,CA_1,HOUSEHOLD,890.0,685.17
2016-03-28,CA_2,FOODS,2376.0,1806.71
2016-03-28,CA_2,HOBBIES,366.0,211.11
2016-03-28,CA_2,HOUSEHOLD,903.0,631.41
2016-03-28,CA_3,FOODS,3335.0,3157.42
2016-03-28,CA_3,HOBBIES,528.0,366.04
2016-03-28,CA_3,HOUSEHOLD,1624.0,1346.34
2016-03-28,CA_4,FOODS,1630.0,1299.51
2016-03-28,CA_4,HOBBIES,325.0,243.4
2016-03-28,CA_4,HOUSEHOLD,490.0,384.89
2016-03-28,TX_1,FOODS,1806.0,1470.25
2016-03-28,TX_1,HOBBIES,232.0,155.42
2016-03-28,TX_1,HOUSEHOLD,988.0,658.64
2016-03-28,TX_2,FOODS,2403.0,2072.02
2016-03-28,TX_2,HOBBIES,381.0,229.24
2016-03-28,TX_2,HOUSEHOLD,956.0,725.39
2016-03-28,TX_3,FOODS,2376.0,1905.09
2016-03-28,TX_3,HOBBIES,307.0,249.34
2016-03-28,TX_3,HOUSEHOLD,854.0,689.94
2016-03-28,WI_1,FOODS,2000.0,1670.32
2016-03-28,WI_1,HOBBIES,326.0,220.11
2016-03-28,WI_1,HOUSEHOLD,713.0,434.92
2016-03-28,WI_2,FOODS,2853.0,2247.39
2016-03-28,WI_2,HOBBIES,343.0,160.14
2016-03-28,WI_2,HOUSEHOLD,1058.0,747.19
2016-03-28,WI_3,FOODS,2026.0,1713.39
2016-03-28,WI_3,HOBBIES,212.0,146.03
2016-03-28,WI_3,HOUSEHOLD,725.0,512.95
2016-03-29,CA_1,FOODS,2481.0,1998.87
2016-03-29,CA_1,HOBBIES,498.0,298.82
2016-03-29,CA_1,HOUSEHOLD,809.0,642.25
2016-03-29,CA_2,FOODS,2433.0,1739.3
2016-03-29,CA_2,HOBBIES,490.0,201.78
2016-03-29,CA_2,HOUSEHOLD,872.0,586.98
2016-03-29,CA_3,FOODS,3493.0,2835.81
2016-03-29,CA_3,HOBBIES,472.0,350.21
2016-03-29,CA_3,HOUSEHOLD,1528.0,1208.81
2016-03-29,CA_4,FOODS,1438.0,1160.88
2016-03-29,CA_4,HOBBIES,361.0,227.87
2016-03-29,CA_4,HOUSEHOLD,444.0,348.43
2016-03-29,TX_1,FOODS,1556.0,1381.76
2016-03-29,TX_1,HOBBIES,241.0,148.76
2016-03-29,TX_1,HOUSEHOLD,702.0,619.96
2016-03-29,TX_2,FOODS,1834.0,1716.18
2016-03-29,TX_2,HOBBIES,270.0,201.49
2016-03-29,TX_2,HOUSEHOLD,795.0,623.35
2016-03-29,TX_3,FOODS,1821.0,1750.82
2016-03-29,TX_3,HOBBIES,318.0,228.93
2016-03-29,TX_3,HOUSEHOLD,785.0,627.85
2016-03-29,WI_1,FOODS,1892.0,1596.45
2016-03-29,WI_1,HOBBIES,310.0,227.44
2016-03-29,WI_1,HOUSEHOLD,578.0,428.72
2016-03-29,WI_2,FOODS,2765.0,2229.24
2016-03-29,WI_2,HOBBIES,265.0,166.55
2016-03-29,WI_2,HOUSEHOLD,1011.0,759.51
2016-03-29,WI_3,FOODS,2478.0,1606.79
2016-03-29,WI_3,HOBBIES,221.0,140.95
2016-03-29,WI_3,HOUSEHOLD,696.0,479.09
2016-03-30,CA_1,FOODS,2135.0,1962.96
2016-03-30,CA_1,HOBBIES,465.0,290.94
2016-03-30,CA_1,HOUSEHOLD,739.0,624.75
2016-03-30,CA_2,FOODS,2360.0,1742.72
2016-03-30,CA_2,HOBBIES,249.0,201.77
2016-03-30,CA_2,HOUSEHOLD,880.0,585.35
2016-03-30,CA_3,FOODS,3299.0,2688.27
2016-03-30,CA_3,HOBBIES,508.0,341.68
2016-03-30,CA_3,HOUSEHOLD,1395.0,1169.44
2016-03-30,CA_4,FOODS,1371.0,1130.49
2016-03-30,CA_4,HOBBIES,444.0,226.72
2016-03-30,CA_4,HOUSEHOLD,507.0,338.96
2016-03-30,TX_1,FOODS,1636.0,1335.58
2016-03-30,TX_1,HOBBIES,284.0,146.96
2016-03-30,TX_1,HOUSEHOLD,881.0,608.14
2016-03-30,TX_2,FOODS,2011.0,1767.18
2016-03-30,TX_2,HOBBIES,317.0,209.71
2016-03-30,TX_2,HOUSEHOLD,809.0,644.86
2016-03-30,TX_3,FOODS,1787.0,1638.56
2016-03-30,TX_3,HOBBIES,349.0,223.73
2016-03-30,TX_3,HOUSEHOLD,754.0,604.3
2016-03-30,WI_1,FOODS,1818.0,1604.04
2016-03-30,WI_1,HOBBIES,316.0,231.19
2016-03-30,WI_1,HOUSEHOLD,558.0,437.47
2016-03-30,WI_2,FOODS,2550.0,2251.91
2016-03-30,WI_2,HOBBIES,229.0,166.02
2016-03-30,WI_2,HOUSEHOLD,847.0,773.08
2016-03-30,WI_3,FOODS,2050.0,1639.84
2016-03-30,WI_3,HOBBIES,172.0,140.5
2016-03-30,WI_3,HOUSEHOLD,639.0,477.69
2016-03-31,CA_1,FOODS,2651.0,1977.07
2016-03-31,CA_1,HOBBIES,536.0,297.76
2016-03-31,CA_1,HOUSEHOLD,889.0,630.75
2016-03-31,CA_2,FOODS,2340.0,1773.14
2016-03-31,CA_2,HOBBIES,290.0,202.78
2016-03-31,CA_2,HOUSEHOLD,951.0,594.28
2016-03-31,CA_3,FOODS,3432.0,2672.13
2016-03-31,CA_3,HOBBIES,482.0,344.75
2016-03-31,CA_3,HOUSEHOLD,1560.0,1159.08
2016-03-31,CA_4,FOODS,1518.0,1135.05
2016-03-31,CA_4,HOBBIES,306.0,221.14
2016-03-31,CA_4,HOUSEHOLD,646.0,339.49
2016-03-31,TX_1,FOODS,1588.0,1321.44
2016-03-31,TX_1,HOBBIES,213.0,146.7
2016-03-31,TX_1,HOUSEHOLD,830.0,613.35
2016-03-31,TX_2,FOODS,2160.0,1756.76
2016-03-31,TX_2,HOBBIES,318.0,215.01
2016-03-31,TX_2,HOUSEHOLD,877.0,660.75
2016-03-31,TX_3,FOODS,1983.0,1613.22
2016-03-31,TX_3,HOBBIES,347.0,232.3
2016-03-31,TX_3,HOUSEHOLD,990.0,606.1
2016-03-31,WI_1,FOODS,1863.0,1643.27
2016-03-31,WI_1,HOBBIES,291.0,239.52
2016-03-31,WI_1,HOUSEHOLD,704.0,456.15
2016-03-31,WI_2,FOODS,2589.0,2355.49
2016-03-31,WI_2,HOBBIES,338.0,177.17
2016-03-31,WI_2,HOUSEHOLD,981.0,848.52
2016-03-31,WI_3,FOODS,2003.0,1729.46
2016-03-31,WI_3,HOBBIES,300.0,143.93
2016-03-31,WI_3,HOUSEHOLD,705.0,507.24
2016-04-01,CA_1,FOODS,3132.0,2599.31
2016-04-01,CA_1,HOBBIES,743.0,374.71
2016-04-01,CA_1,HOUSEHOLD,1108.0,807.09
2016-04-01,CA_2,FOODS,3081.0,2117.46
2016-04-01,CA_2,HOBBIES,525.0,246.36
2016-04-01,CA_2,HOUSEHOLD,1181.0,758.77
2016-04-01,CA_3,FOODS,3977.0,3185.01
2016-04-01,CA_3,HOBBIES,704.0,398.99
2016-04-01,CA_3,HOUSEHOLD,1890.0,1332.12
2016-04-01,CA_4,FOODS,1701.0,1252.06
2016-04-01,CA_4,HOBBIES,325.0,238.66
2016-04-01,CA_4,HOUSEHOLD,555.0,367.15
2016-04-01,TX_1,FOODS,2038.0,1669.54
2016-04-01,TX_1,HOBBIES,305.0,175.1
2016-04-01,TX_1,HOUSEHOLD,1046.0,743.25
2016-04-01,TX_2,FOODS,2733.0,2182.06
2016-04-01,TX_2,HOBBIES,391.0,252.42
2016-04-01,TX_2,HOUSEHOLD,989.0,788.8
2016-04-01,TX_3,FOODS,2742.0,2024.6
2016-04-01,TX_3,HOBBIES,489.0,269.78
2016-04-01,TX_3,HOUSEHOLD,1119.0,753.12
2016-04-01,WI_1,FOODS,2844.0,1994.24
2016-04-01,WI_1,HOBBIES,514.0,315.7
2016-04-01,WI_1,HOUSEHOLD,1004.0,601.64
2016-04-01,WI_2,FOODS,3695.0,2501.86
2016-04-01,WI_2,HOBBIES,404.0,200.62
2016-04-01,WI_2,HOUSEHOLD,2047.0,1053.9
2016-04-01,WI_3,FOODS,2684.0,2036.58
2016-04-01,WI_3,HOBBIES,390.0,191.55
2016-04-01,WI_3,HOUSEHOLD,1180.0,673.59
2016-04-02,CA_1,FOODS,3890.0,3352.34
2016-04-02,CA_1,HOBBIES,603.0,480.97
2016-04-02,CA_1,HOUSEHOLD,1384.0,1113.72
2016-04-02,CA_2,FOODS,3799.0,2812.6
2016-04-02,CA_2,HOBBIES,576.0,336.14
2016-04-02,CA_2,HOUSEHOLD,1673.0,1155.91
2016-04-02,CA_3,FOODS,4466.0,3966.57
2016-04-02,CA_3,HOBBIES,588.0,482.23
2016-04-02,CA_3,HOUSEHOLD,2152.0,1739.52
2016-04-02,CA_4,FOODS,1920.0,1517.18
2016-04-02,CA_4,HOBBIES,409.0,290.28
2016-04-02,CA_4,HOUSEHOLD,711.0,458.94
2016-04-02,TX_1,FOODS,2351.0,1831.85
2016-04-02,TX_1,HOBBIES,506.0,206.64
2016-04-02,TX_1,HOUSEHOLD,1161.0,925.98
2016-04-02,TX_2,FOODS,3087.0,2449.01
2016-04-02,TX_2,HOBBIES,432.0,294.58
2016-04-02,TX_2,HOUSEHOLD,1266.0,956.36
2016-04-02,TX_3,FOODS,2559.0,2088.71
2016-04-02,TX_3,HOBBIES,485.0,301.72
2016-04-02,TX_3,HOUSEHOLD,1248.0,888.97
2016-04-02,WI_1,FOODS,3394.0,2848.85
2016-04-02,WI_1,HOBBIES,628.0,476.99
2016-04-02,WI_1,HOUSEHOLD,1097.0,854.4
2016-04-02,WI_2,FOODS,5090.0,3636.89
2016-04-02,WI_2,HOBBIES,299.0,232.43
2016-04-02,WI_2,HOUSEHOLD,1680.0,1106.63
2016-04-02,WI_3,FOODS,3728.0,2912.21
2016-04-02,WI_3,HOBBIES,337.0,210.41
2016-04-02,WI_3,HOUSEHOLD,1153.0,823.99
2016-04-03,CA_1,FOODS,4226.0,3447.69
2016-04-03,CA_1,HOBBIES,790.0,465.54
2016-04-03,CA_1,HOUSEHOLD,1480.0,1163.19
2016-04-03,CA_2,FOODS,4150.0,2651.92
2016-04-03,CA_2,HOBBIES,511.0,312.74
2016-04-03,CA_2,HOUSEHOLD,1881.0,1122.44
2016-04-03,CA_3,FOODS,5171.0,4099.97
2016-04-03,CA_3,HOBBIES,818.0,495.24
2016-04-03,CA_3,HOUSEHOLD,2410.0,1802.55
2016-04-03,CA_4,FOODS,2074.0,1539.21
2016-04-03,CA_4,HOBBIES,332.0,282.15
2016-04-03,CA_4,HOUSEHOLD,734.0,472.41
2016-04-03,TX_1,FOODS,2677.0,2151.92
2016-04-03,TX_1,HOBBIES,305.0,225.78
2016-04-03,TX_1,HOUSEHOLD,1293.0,986.31
2016-04-03,TX_2,FOODS,3467.0,2767.12
2016-04-03,TX_2,HOBBIES,478.0,307.41
2016-04-03,TX_2,HOUSEHOLD,1225.0,989.27
2016-04-03,TX_3,FOODS,2982.0,2429.89
2016-04-03,TX_3,HOBBIES,501.0,331.36
2016-04-03,TX_3,HOUSEHOLD,1123.0,950.74
2016-04-03,WI_1,FOODS,3648.0,2631.16
2016-04-03,WI_1,HOBBIES,568.0,347.75
2016-04-03,WI_1,HOUSEHOLD,1154.0,733.3
2016-04-03,WI_2,FOODS,5207.0,3653.47
2016-04-03,WI_2,HOBBIES,309.0,206.85
2016-04-03,WI_2,HOUSEHOLD,1437.0,988.66
2016-04-03,WI_3,FOODS,4031.0,2827.09
2016-04-03,WI_3,HOBBIES,291.0,205.12
2016-04-03,WI_3,HOUSEHOLD,1152.0,771.66
2016-04-04,CA_1,FOODS,3273.0,2332.54
2016-04-04,CA_1,HOBBIES,463.0,338.47
2016-04-04,CA_1,HOUSEHOLD,1076.0,773.51
2016-04-04,CA_2,FOODS,2664.0,1784.97
2016-04-04,CA_2,HOBBIES,302.0,210.99
2016-04-04,CA_2,HOUSEHOLD,1005.0,667.87
2016-04-04,CA_3,FOODS,4195.0,3365.34
2016-04-04,CA_3,HOBBIES,533.0,391.6
2016-04-04,CA_3,HOUSEHOLD,1894.0,1407.28
2016-04-04,CA_4,FOODS,1840.0,1315.37
2016-04-04,CA_4,HOBBIES,405.0,245.18
2016-04-04,CA_4,HOUSEHOLD,543.0,403.68
2016-04-04,TX_1,FOODS,1895.0,1412.84
2016-04-04,TX_1,HOBBIES,255.0,154.14
2016-04-04,TX_1,HOUSEHOLD,882.0,671.71
2016-04-04,TX_2,FOODS,2509.0,1934.07
2016-04-04,TX_2,HOBBIES,332.0,231.47
2016-04-04,TX_2,HOUSEHOLD,950.0,721.44
2016-04-04,TX_3,FOODS,2279.0,1802.61
2016-04-04,TX_3,HOBBIES,412.0,250.98
2016-04-04,TX_3,HOUSEHOLD,983.0,716.45
2016-04-04,WI_1,FOODS,2181.0,1600.68
2016-04-04,WI_1,HOBBIES,370.0,224.99
2016-04-04,WI_1,HOUSEHOLD,617.0,461.97
2016-04-04,WI_2,FOODS,3689.0,2311.81
2016-04-04,WI_2,HOBBIES,303.0,167.22
2016-04-04,WI_2,HOUSEHOLD,1018.0,790.61
2016-04-04,WI_3,FOODS,2500.0,1788.81
2016-04-04,WI_3,HOBBIES,286.0,154.09
2016-04-04,WI_3,HOUSEHOLD,764.0,545.53
2016-04-05,CA_1,FOODS,2711.0,2129.21
2016-04-05,CA_1,HOBBIES,545.0,314.75
2016-04-05,CA_1,HOUSEHOLD,807.0,669.34
2016-04-05,CA_2,FOODS,2293.0,1754.03
2016-04-05,CA_2,HOBBIES,315.0,203.76
2016-04-05,CA_2,HOUSEHOLD,872.0,632.36
2016-04-05,CA_3,FOODS,4132.0,3155.28
2016-04-05,CA_3,HOBBIES,465.0,370.63
2016-04-05,CA_3,HOUSEHOLD,1624.0,1293.5
2016-04-05,CA_4,FOODS,1665.0,1187.32
2016-04-05,CA_4,HOBBIES,461.0,235.76
2016-04-05,CA_4,HOUSEHOLD,506.0,365.5
2016-04-05,TX_1,FOODS,2045.0,1503.21
2016-04-05,TX_1,HOBBIES,258.0,147.21
2016-04-05,TX_1,HOUSEHOLD,912.0,642.53
2016-04-05,TX_2,FOODS,2460.0,1966.5
2016-04-05,TX_2,HOBBIES,276.0,218.56
2016-04-05,TX_2,HOUSEHOLD,985.0,664.93
2016-04-05,TX_3,FOODS,2343.0,1879.39
2016-04-05,TX_3,HOBBIES,341.0,241.48
2016-04-05,TX_3,HOUSEHOLD,846.0,679.92
2016-04-05,WI_1,FOODS,2248.0,1688.85
2016-04-05,WI_1,HOBBIES,355.0,235.14
2016-04-05,WI_1,HOUSEHOLD,628.0,455.98
2016-04-05,WI_2,FOODS,4378.0,3228.13
2016-04-05,WI_2,HOBBIES,241.0,171.97
2016-04-05,WI_2,HOUSEHOLD,1061.0,811.68
2016-04-05,WI_3,FOODS,2968.0,2228.73
2016-04-05,WI_3,HOBBIES,220.0,159.67
2016-04-05,WI_3,HOUSEHOLD,722.0,541.08
2016-04-06,CA_1,FOODS,2698.0,2091.86
2016-04-06,CA_1,HOBBIES,427.0,317.35
2016-04-06,CA_1,HOUSEHOLD,839.0,642.44
2016-04-06,CA_2,FOODS,2458.0,1735.78
2016-04-06,CA_2,HOBBIES,430.0,202.38
2016-04-06,CA_2,HOUSEHOLD,843.0,634.56
2016-04-06,CA_3,FOODS,3829.0,3112.63
2016-04-06,CA_3,HOBBIES,477.0,358.79
2016-04-06,CA_3,HOUSEHOLD,1379.0,1272.81
2016-04-06,CA_4,FOODS,1607.0,1161.52
2016-04-06,CA_4,HOBBIES,325.0,234.64
2016-04-06,CA_4,HOUSEHOLD,495.0,359.11
2016-04-06,TX_1,FOODS,2061.0,1536.14
2016-04-06,TX_1,HOBBIES,272.0,151.02
2016-04-06,TX_1,HOUSEHOLD,868.0,648.45
2016-04-06,TX_2,FOODS,2255.0,1980.37
2016-04-06,TX_2,HOBBIES,350.0,224.44
2016-04-06,TX_2,HOUSEHOLD,761.0,677.5
2016-04-06,TX_3,FOODS,2473.0,1866.1
2016-04-06,TX_3,HOBBIES,376.0,242.54
2016-04-06,TX_3,HOUSEHOLD,922.0,681.54
2016-04-06,WI_1,FOODS,2122.0,1700.15
2016-04-06,WI_1,HOBBIES,287.0,241.6
2016-04-06,WI_1,HOUSEHOLD,587.0,462.89
2016-04-06,WI_2,FOODS,4801.0,3405.71
2016-04-06,WI_2,HOBBIES,264.0,174.75
2016-04-06,WI_2,HOUSEHOLD,1078.0,844.23
2016-04-06,WI_3,FOODS,2934.0,2252.89
2016-04-06,WI_3,HOBBIES,171.0,158.43
2016-04-06,WI_3,HOUSEHOLD,745.0,534.78
2016-04-07,CA_1,FOODS,2450.0,2154.18
2016-04-07,CA_1,HOBBIES,394.0,316.02
2016-04-07,CA_1,HOUSEHOLD,811.0,657.36
2016-04-07,CA_2,FOODS,2451.0,1785.78
2016-04-07,CA_2,HOBBIES,367.0,206.28
2016-04-07,CA_2,HOUSEHOLD,942.0,636.17
2016-04-07,CA_3,FOODS,3667.0,3127.82
2016-04-07,CA_3,HOBBIES,489.0,361.49
2016-04-07,CA_3,HOUSEHOLD,1479.0,1264.38
2016-04-07,CA_4,FOODS,1586.0,1176.68
2016-04-07,CA_4,HOBBIES,330.0,235.65
2016-04-07,CA_4,HOUSEHOLD,493.0,362.24
2016-04-07,TX_1,FOODS,2047.0,1564.54
2016-04-07,TX_1,HOBBIES,230.0,156.2
2016-04-07,TX_1,HOUSEHOLD,823.0,644.89
2016-04-07,TX_2,FOODS,2427.0,2035.53
2016-04-07,TX_2,HOBBIES,406.0,227.27
2016-04-07,TX_2,HOUSEHOLD,962.0,683.72
2016-04-07,TX_3,FOODS,2450.0,1927.0
2016-04-07,TX_3,HOBBIES,362.0,250.53
2016-04-07,TX_3,HOUSEHOLD,893.0,682.47
2016-04-07,WI_1,FOODS,2231.0,1628.79
2016-04-07,WI_1,HOBBIES,382.0,238.14
2016-04-07,WI_1,HOUSEHOLD,675.0,460.54
2016-04-07,WI_2,FOODS,3905.0,2607.0
2016-04-07,WI_2,HOBBIES,280.0,169.28
2016-04-07,WI_2,HOUSEHOLD,1157.0,830.36
2016-04-07,WI_3,FOODS,2441.0,1785.42
2016-04-07,WI_3,HOBBIES,203.0,150.94
2016-04-07,WI_3,HOUSEHOLD,783.0,509.85
2016-04-08,CA_1,FOODS,3141.0,2568.7
2016-04-08,CA_1,HOBBIES,582.0,358.44
2016-04-08,CA_1,HOUSEHOLD,996.0,768.74
2016-04-08,CA_2,FOODS,2896.0,2121.22
2016-04-08,CA_2,HOBBIES,398.0,252.25
2016-04-08,CA_2,HOUSEHOLD,1153.0,788.28
2016-04-08,CA_3,FOODS,3937.0,3311.08
2016-04-08,CA_3,HOBBIES,538.0,384.55
2016-04-08,CA_3,HOUSEHOLD,1716.0,1351.33
2016-04-08,CA_4,FOODS,1597.0,1273.61
2016-04-08,CA_4,HOBBIES,319.0,245.51
2016-04-08,CA_4,HOUSEHOLD,441.0,376.16
2016-04-08,TX_1,FOODS,2087.0,1504.13
2016-04-08,TX_1,HOBBIES,314.0,169.65
2016-04-08,TX_1,HOUSEHOLD,900.0,688.48
2016-04-08,TX_2,FOODS,2458.0,2048.26
2016-04-08,TX_2,HOBBIES,369.0,251.73
2016-04-08,TX_2,HOUSEHOLD,921.0,775.22
2016-04-08,TX_3,FOODS,2379.0,1854.89
2016-04-08,TX_3,HOBBIES,397.0,256.3
2016-04-08,TX_3,HOUSEHOLD,941.0,721.55
2016-04-08,WI_1,FOODS,2630.0,2143.95
2016-04-08,WI_1,HOBBIES,454.0,328.67
2016-04-08,WI_1,HOUSEHOLD,782.0,615.7
2016-04-08,WI_2,FOODS,5327.0,3798.28
2016-04-08,WI_2,HOBBIES,356.0,195.38
2016-04-08,WI_2,HOUSEHOLD,1012.0,996.72
2016-04-08,WI_3,FOODS,2997.0,2593.9
2016-04-08,WI_3,HOBBIES,339.0,193.5
2016-04-08,WI_3,HOUSEHOLD,843.0,677.49
2016-04-09,CA_1,FOODS,4073.0,3306.95
2016-04-09,CA_1,HOBBIES,571.0,448.61
2016-04-09,CA_1,HOUSEHOLD,1468.0,1056.33
2016-04-09,CA_2,FOODS,4118.0,2902.59
2016-04-09,CA_2,HOBBIES,574.0,339.97
2016-04-09,CA_2,HOUSEHOLD,1661.0,1214.75
2016-04-09,CA_3,FOODS,4910.0,4130.6
2016-04-09,CA_3,HOBBIES,648.0,463.49
2016-04-09,CA_3,HOUSEHOLD,2224.0,1747.82
2016-04-09,CA_4,FOODS,2091.0,1491.29
2016-04-09,CA_4,HOBBIES,359.0,285.6
2016-04-09,CA_4,HOUSEHOLD,614.0,453.3
2016-04-09,TX_1,FOODS,2617.0,2147.45
2016-04-09,TX_1,HOBBIES,357.0,212.93
2016-04-09,TX_1,HOUSEHOLD,1094.0,930.8
2016-04-09,TX_2,FOODS,3195.0,2716.15
2016-04-09,TX_2,HOBBIES,370.0,303.18
2016-04-09,TX_2,HOUSEHOLD,1255.0,964.97
2016-04-09,TX_3,FOODS,2968.0,2374.34
2016-04-09,TX_3,HOBBIES,418.0,314.6
2016-04-09,TX_3,HOUSEHOLD,1086.0,895.33
2016-04-09,WI_1,FOODS,4302.0,2887.0
2016-04-09,WI_1,HOBBIES,623.0,471.34
2016-04-09,WI_1,HOUSEHOLD,1257.0,842.97
2016-04-09,WI_2,FOODS,5902.0,4343.9
2016-04-09,WI_2,HOBBIES,420.0,224.66
2016-04-09,WI_2,HOUSEHOLD,1530.0,1068.78
2016-04-09,WI_3,FOODS,4158.0,3137.69
2016-04-09,WI_3,HOBBIES,399.0,207.92
2016-04-09,WI_3,HOUSEHOLD,1078.0,807.19
2016-04-10,CA_1,FOODS,4061.0,3351.35
2016-04-10,CA_1,HOBBIES,547.0,434.61
2016-04-10,CA_1,HOUSEHOLD,1361.0,1086.97
2016-04-10,CA_2,FOODS,4111.0,2777.56
2016-04-10,CA_2,HOBBIES,605.0,320.48
2016-04-10,CA_2,HOUSEHOLD,1581.0,1165.4
2016-04-10,CA_3,FOODS,5453.0,4358.25
2016-04-10,CA_3,HOBBIES,636.0,480.88
2016-04-10,CA_3,HOUSEHOLD,2513.0,1793.41
2016-04-10,CA_4,FOODS,2150.0,1560.23
2016-04-10,CA_4,HOBBIES,363.0,285.72
2016-04-10,CA_4,HOUSEHOLD,682.0,468.82
2016-04-10,TX_1,FOODS,2648.0,2115.27
2016-04-10,TX_1,HOBBIES,319.0,227.47
2016-04-10,TX_1,HOUSEHOLD,1181.0,940.17
2016-04-10,TX_2,FOODS,3340.0,2690.21
2016-04-10,TX_2,HOBBIES,521.0,307.66
2016-04-10,TX_2,HOUSEHOLD,1174.0,961.48
2016-04-10,TX_3,FOODS,3026.0,2288.45
2016-04-10,TX_3,HOBBIES,462.0,314.57
2016-04-10,TX_3,HOUSEHOLD,1147.0,862.21
2016-04-10,WI_1,FOODS,3520.0,2576.98
2016-04-10,WI_1,HOBBIES,467.0,346.07
2016-04-10,WI_1,HOUSEHOLD,1008.0,729.99
2016-04-10,WI_2,FOODS,4518.0,3197.32
2016-04-10,WI_2,HOBBIES,309.0,198.56
2016-04-10,WI_2,HOUSEHOLD,1185.0,868.37
2016-04-10,WI_3,FOODS,3619.0,2480.69
2016-04-10,WI_3,HOBBIES,296.0,185.0
2016-04-10,WI_3,HOUSEHOLD,1053.0,719.22
2016-04-11,CA_1,FOODS,2876.0,2167.99
2016-04-11,CA_1,HOBBIES,620.0,319.42
2016-04-11,CA_1,HOUSEHOLD,988.0,725.14
2016-04-11,CA_2,FOODS,2621.0,1790.93
2016-04-11,CA_2,HOBBIES,283.0,212.58
2016-04-11,CA_2,HOUSEHOLD,987.0,662.88
2016-04-11,CA_3,FOODS,4202.0,3184.08
2016-04-11,CA_3,HOBBIES,563.0,368.28
2016-04-11,CA_3,HOUSEHOLD,1815.0,1361.27
2016-04-11,CA_4,FOODS,1694.0,1292.5
2016-04-11,CA_4,HOBBIES,325.0,241.79
2016-04-11,CA_4,HOUSEHOLD,516.0,397.31
2016-04-11,TX_1,FOODS,1965.0,1754.69
2016-04-11,TX_1,HOBBIES,293.0,164.07
2016-04-11,TX_1,HOUSEHOLD,910.0,684.73
2016-04-11,TX_2,FOODS,2602.0,2261.52
2016-04-11,TX_2,HOBBIES,431.0,243.21
2016-04-11,TX_2,HOUSEHOLD,1000.0,745.22
2016-04-11,TX_3,FOODS,2671.0,2212.46
2016-04-11,TX_3,HOBBIES,401.0,275.87
2016-04-11,TX_3,HOUSEHOLD,901.0,749.76
2016-04-11,WI_1,FOODS,2460.0,1787.81
2016-04-11,WI_1,HOBBIES,332.0,227.84
2016-04-11,WI_1,HOUSEHOLD,701.0,473.98
2016-04-11,WI_2,FOODS,4932.0,3874.33
2016-04-11,WI_2,HOBBIES,246.0,172.68
2016-04-11,WI_2,HOUSEHOLD,1049.0,789.2
2016-04-11,WI_3,FOODS,3068.0,2470.46
2016-04-11,WI_3,HOBBIES,222.0,155.48
2016-04-11,WI_3,HOUSEHOLD,753.0,555.23
2016-04-12,CA_1,FOODS,2372.0,1864.24
2016-04-12,CA_1,HOBBIES,391.0,288.66
2016-04-12,CA_1,HOUSEHOLD,816.0,628.44
2016-04-12,CA_2,FOODS,2627.0,1729.52
2016-04-12,CA_2,HOBBIES,360.0,203.03
2016-04-12,CA_2,HOUSEHOLD,811.0,619.2
2016-04-12,CA_3,FOODS,3692.0,2914.44
2016-04-12,CA_3,HOBBIES,450.0,341.78
2016-04-12,CA_3,HOUSEHOLD,1499.0,1234.37
2016-04-12,CA_4,FOODS,1395.0,1157.83
2016-04-12,CA_4,HOBBIES,278.0,228.25
2016-04-12,CA_4,HOUSEHOLD,501.0,357.13
2016-04-12,TX_1,FOODS,2028.0,1626.23
2016-04-12,TX_1,HOBBIES,196.0,156.0
2016-04-12,TX_1,HOUSEHOLD,805.0,624.43
2016-04-12,TX_2,FOODS,2257.0,2013.94
2016-04-12,TX_2,HOBBIES,431.0,222.92
2016-04-12,TX_2,HOUSEHOLD,796.0,655.58
2016-04-12,TX_3,FOODS,2669.0,2045.89
2016-04-12,TX_3,HOBBIES,418.0,253.62
2016-04-12,TX_3,HOUSEHOLD,818.0,676.89
2016-04-12,WI_1,FOODS,2444.0,1726.82
2016-04-12,WI_1,HOBBIES,304.0,223.98
2016-04-12,WI_1,HOUSEHOLD,640.0,459.95
2016-04-12,WI_2,FOODS,4768.0,3878.52
2016-04-12,WI_2,HOBBIES,252.0,170.54
2016-04-12,WI_2,HOUSEHOLD,914.0,784.99
2016-04-12,WI_3,FOODS,3172.0,2384.24
2016-04-12,WI_3,HOBBIES,304.0,152.83
2016-04-12,WI_3,HOUSEHOLD,661.0,530.12
2016-04-13,CA_1,FOODS,2341.0,1805.41
2016-04-13,CA_1,HOBBIES,415.0,284.82
2016-04-13,CA_1,HOUSEHOLD,722.0,605.08
2016-04-13,CA_2,FOODS,2264.0,1751.97
2016-04-13,CA_2,HOBBIES,343.0,203.81
2016-04-13,CA_2,HOUSEHOLD,938.0,616.39
2016-04-13,CA_3,FOODS,3403.0,2797.93
2016-04-13,CA_3,HOBBIES,505.0,338.27
2016-04-13,CA_3,HOUSEHOLD,1469.0,1191.42
2016-04-13,CA_4,FOODS,1415.0,1124.99
2016-04-13,CA_4,HOBBIES,317.0,218.0
2016-04-13,CA_4,HOUSEHOLD,482.0,349.46
2016-04-13,TX_1,FOODS,1901.0,1608.12
2016-04-13,TX_1,HOBBIES,276.0,155.03
2016-04-13,TX_1,HOUSEHOLD,675.0,619.9
2016-04-13,TX_2,FOODS,2164.0,1983.49
2016-04-13,TX_2,HOBBIES,355.0,230.03
2016-04-13,TX_2,HOUSEHOLD,829.0,644.28
2016-04-13,TX_3,FOODS,2381.0,2009.31
2016-04-13,TX_3,HOBBIES,385.0,251.39
2016-04-13,TX_3,HOUSEHOLD,728.0,666.06
2016-04-13,WI_1,FOODS,2166.0,1651.32
2016-04-13,WI_1,HOBBIES,458.0,232.93
2016-04-13,WI_1,HOUSEHOLD,545.0,469.92
2016-04-13,WI_2,FOODS,3533.0,2807.61
2016-04-13,WI_2,HOBBIES,197.0,165.84
2016-04-13,WI_2,HOUSEHOLD,854.0,736.21
2016-04-13,WI_3,FOODS,2320.0,1791.17
2016-04-13,WI_3,HOBBIES,306.0,147.26
2016-04-13,WI_3,HOUSEHOLD,506.0,487.7
2016-04-14,CA_1,FOODS,2421.0,1821.1
2016-04-14,CA_1,HOBBIES,429.0,289.51
2016-04-14,CA_1,HOUSEHOLD,787.0,605.05
2016-04-14,CA_2,FOODS,2200.0,1780.08
2016-04-14,CA_2,HOBBIES,374.0,201.68
2016-04-14,CA_2,HOUSEHOLD,867.0,624.18
2016-04-14,CA_3,FOODS,3344.0,2738.49
2016-04-14,CA_3,HOBBIES,558.0,322.85
2016-04-14,CA_3,HOUSEHOLD,1591.0,1177.68
2016-04-14,CA_4,FOODS,1541.0,1124.01
2016-04-14,CA_4,HOBBIES,505.0,222.16
2016-04-14,CA_4,HOUSEHOLD,452.0,350.74
2016-04-14,TX_1,FOODS,1808.0,1376.74
2016-04-14,TX_1,HOBBIES,277.0,149.61
2016-04-14,TX_1,HOUSEHOLD,839.0,584.12
2016-04-14,TX_2,FOODS,2446.0,1749.11
2016-04-14,TX_2,HOBBIES,408.0,227.25
2016-04-14,TX_2,HOUSEHOLD,997.0,622.64
2016-04-14,TX_3,FOODS,2361.0,1740.51
2016-04-14,TX_3,HOBBIES,370.0,242.05
2016-04-14,TX_3,HOUSEHOLD,786.0,616.83
2016-04-14,WI_1,FOODS,2353.0,1801.52
2016-04-14,WI_1,HOBBIES,333.0,244.07
2016-04-14,WI_1,HOUSEHOLD,555.0,478.47
2016-04-14,WI_2,FOODS,4230.0,3750.84
2016-04-14,WI_2,HOBBIES,219.0,169.13
2016-04-14,WI_2,HOUSEHOLD,814.0,776.52
2016-04-14,WI_3,FOODS,2752.0,2335.53
2016-04-14,WI_3,HOBBIES,313.0,155.16
2016-04-14,WI_3,HOUSEHOLD,599.0,509.15
2016-04-15,CA_1,FOODS,2706.0,2230.89
2016-04-15,CA_1,HOBBIES,401.0,363.61
2016-04-15,CA_1,HOUSEHOLD,875.0,735.96
2016-04-15,CA_2,FOODS,2891.0,2094.08
2016-04-15,CA_2,HOBBIES,483.0,242.66
2016-04-15,CA_2,HOUSEHOLD,1066.0,767.77
2016-04-15,CA_3,FOODS,3471.0,2934.79
2016-04-15,CA_3,HOBBIES,432.0,364.15
2016-04-15,CA_3,HOUSEHOLD,1434.0,1283.93
2016-04-15,CA_4,FOODS,1664.0,1210.96
2016-04-15,CA_4,HOBBIES,342.0,234.06
2016-04-15,CA_4,HOUSEHOLD,490.0,367.42
2016-04-15,TX_1,FOODS,2049.0,1681.86
2016-04-15,TX_1,HOBBIES,258.0,177.35
2016-04-15,TX_1,HOUSEHOLD,777.0,681.25
2016-04-15,TX_2,FOODS,2549.0,2195.89
2016-04-15,TX_2,HOBBIES,360.0,268.89
2016-04-15,TX_2,HOUSEHOLD,988.0,745.99
2016-04-15,TX_3,FOODS,2396.0,2202.72
2016-04-15,TX_3,HOBBIES,489.0,280.56
2016-04-15,TX_3,HOUSEHOLD,934.0,727.34
2016-04-15,WI_1,FOODS,2700.0,2204.49
2016-04-15,WI_1,HOBBIES,375.0,323.38
2016-04-15,WI_1,HOUSEHOLD,787.0,607.74
2016-04-15,WI_2,FOODS,4836.0,3879.75
2016-04-15,WI_2,HOBBIES,298.0,190.52
2016-04-15,WI_2,HOUSEHOLD,1125.0,922.72
2016-04-15,WI_3,FOODS,3420.0,2610.77
2016-04-15,WI_3,HOBBIES,348.0,193.42
2016-04-15,WI_3,HOUSEHOLD,845.0,635.11
2016-04-16,CA_1,FOODS,3481.0,2879.94
2016-04-16,CA_1,HOBBIES,722.0,432.78
2016-04-16,CA_1,HOUSEHOLD,1234.0,1011.84
2016-04-16,CA_2,FOODS,3423.0,2820.62
2016-04-16,CA_2,HOBBIES,486.0,334.54
2016-04-16,CA_2,HOUSEHOLD,1443.0,1179.69
2016-04-16,CA_3,FOODS,4307.0,3742.2
2016-04-16,CA_3,HOBBIES,635.0,430.49
2016-04-16,CA_3,HOUSEHOLD,1994.0,1669.22
2016-04-16,CA_4,FOODS,1883.0,1405.81
2016-04-16,CA_4,HOBBIES,333.0,272.56
2016-04-16,CA_4,HOUSEHOLD,623.0,441.31
2016-04-16,TX_1,FOODS,2412.0,1894.96
2016-04-16,TX_1,HOBBIES,273.0,213.54
2016-04-16,TX_1,HOUSEHOLD,1039.0,861.52
2016-04-16,TX_2,FOODS,2795.0,2487.47
2016-04-16,TX_2,HOBBIES,407.0,307.31
2016-04-16,TX_2,HOUSEHOLD,1273.0,926.01
2016-04-16,TX_3,FOODS,2737.0,2262.28
2016-04-16,TX_3,HOBBIES,444.0,320.9
2016-04-16,TX_3,HOUSEHOLD,1080.0,859.13
2016-04-16,WI_1,FOODS,3195.0,2873.37
2016-04-16,WI_1,HOBBIES,605.0,461.32
2016-04-16,WI_1,HOUSEHOLD,1062.0,833.79
2016-04-16,WI_2,FOODS,4175.0,3307.72
2016-04-16,WI_2,HOBBIES,318.0,211.76
2016-04-16,WI_2,HOUSEHOLD,1086.0,997.26
2016-04-16,WI_3,FOODS,3599.0,2687.4
2016-04-16,WI_3,HOBBIES,411.0,206.25
2016-04-16,WI_3,HOUSEHOLD,887.0,746.28
2016-04-17,CA_1,FOODS,4004.0,2960.02
2016-04-17,CA_1,HOBBIES,655.0,415.81
2016-04-17,CA_1,HOUSEHOLD,1295.0,1062.73
2016-04-17,CA_2,FOODS,3729.0,2712.15
2016-04-17,CA_2,HOBBIES,483.0,317.06
2016-04-17,CA_2,HOUSEHOLD,1548.0,1146.75
2016-04-17,CA_3,FOODS,5127.0,3944.95
2016-04-17,CA_3,HOBBIES,848.0,460.82
2016-04-17,CA_3,HOUSEHOLD,2296.0,1734.12
2016-04-17,CA_4,FOODS,1995.0,1482.8
2016-04-17,CA_4,HOBBIES,344.0,274.56
2016-04-17,CA_4,HOUSEHOLD,708.0,463.52
2016-04-17,TX_1,FOODS,2629.0,2062.32
2016-04-17,TX_1,HOBBIES,447.0,219.73
2016-04-17,TX_1,HOUSEHOLD,1116.0,903.81
2016-04-17,TX_2,FOODS,3221.0,2649.25
2016-04-17,TX_2,HOBBIES,468.0,324.19
2016-04-17,TX_2,HOUSEHOLD,1309.0,946.95
2016-04-17,TX_3,FOODS,2867.0,2379.87
2016-04-17,TX_3,HOBBIES,546.0,327.4
2016-04-17,TX_3,HOUSEHOLD,1106.0,842.05
2016-04-17,WI_1,FOODS,3501.0,2651.43
2016-04-17,WI_1,HOBBIES,457.0,339.96
2016-04-17,WI_1,HOUSEHOLD,854.0,721.03
2016-04-17,WI_2,FOODS,4157.0,3069.15
2016-04-17,WI_2,HOBBIES,321.0,189.94
2016-04-17,WI_2,HOUSEHOLD,1088.0,822.11
2016-04-17,WI_3,FOODS,3267.0,2475.54
2016-04-17,WI_3,HOBBIES,251.0,194.0
2016-04-17,WI_3,HOUSEHOLD,1003.0,677.66
2016-04-18,CA_1,FOODS,2886.0,2048.53
2016-04-18,CA_1,HOBBIES,542.0,309.15
2016-04-18,CA_1,HOUSEHOLD,917.0,698.81
2016-04-18,CA_2,FOODS,2625.0,1812.87
2016-04-18,CA_2,HOBBIES,320.0,220.17
2016-04-18,CA_2,HOUSEHOLD,885.0,683.12
2016-04-18,CA_3,FOODS,3827.0,3068.1
2016-04-18,CA_3,HOBBIES,467.0,361.04
2016-04-18,CA_3,HOUSEHOLD,1774.0,1338.43
2016-04-18,CA_4,FOODS,1879.0,1260.24
2016-04-18,CA_4,HOBBIES,377.0,241.02
2016-04-18,CA_4,HOUSEHOLD,553.0,392.19
2016-04-18,TX_1,FOODS,2434.0,1487.14
2016-04-18,TX_1,HOBBIES,216.0,157.15
2016-04-18,TX_1,HOUSEHOLD,760.0,631.74
2016-04-18,TX_2,FOODS,2268.0,1920.48
2016-04-18,TX_2,HOBBIES,328.0,243.31
2016-04-18,TX_2,HOUSEHOLD,715.0,702.65
2016-04-18,TX_3,FOODS,2132.0,1920.14
2016-04-18,TX_3,HOBBIES,286.0,272.13
2016-04-18,TX_3,HOUSEHOLD,729.0,682.44
2016-04-18,WI_1,FOODS,2282.0,1646.28
2016-04-18,WI_1,HOBBIES,316.0,222.65
2016-04-18,WI_1,HOUSEHOLD,638.0,439.71
2016-04-18,WI_2,FOODS,3206.0,2604.42
2016-04-18,WI_2,HOBBIES,297.0,164.06
2016-04-18,WI_2,HOUSEHOLD,844.0,692.59
2016-04-18,WI_3,FOODS,2612.0,1844.23
2016-04-18,WI_3,HOBBIES,174.0,155.51
2016-04-18,WI_3,HOUSEHOLD,770.0,500.61
2016-04-19,CA_1,FOODS,2488.0,1797.44
2016-04-19,CA_1,HOBBIES,495.0,281.66
2016-04-19,CA_1,HOUSEHOLD,810.0,594.28
2016-04-19,CA_2,FOODS,2410.0,1740.01
2016-04-19,CA_2,HOBBIES,368.0,211.11
2016-04-19,CA_2,HOUSEHOLD,853.0,628.7
2016-04-19,CA_3,FOODS,3468.0,2779.94
2016-04-19,CA_3,HOBBIES,588.0,337.24
2016-04-19,CA_3,HOUSEHOLD,1627.0,1219.83
2016-04-19,CA_4,FOODS,1722.0,1145.36
2016-04-19,CA_4,HOBBIES,398.0,223.26
2016-04-19,CA_4,HOUSEHOLD,557.0,355.84
2016-04-19,TX_1,FOODS,2113.0,1389.68
2016-04-19,TX_1,HOBBIES,292.0,148.34
2016-04-19,TX_1,HOUSEHOLD,852.0,568.71
2016-04-19,TX_2,FOODS,2440.0,1672.65
2016-04-19,TX_2,HOBBIES,299.0,218.68
2016-04-19,TX_2,HOUSEHOLD,988.0,617.73
2016-04-19,TX_3,FOODS,2513.0,1688.44
2016-04-19,TX_3,HOBBIES,434.0,241.55
2016-04-19,TX_3,HOUSEHOLD,991.0,592.06
2016-04-19,WI_1,FOODS,2135.0,1573.54
2016-04-19,WI_1,HOBBIES,387.0,215.91
2016-04-19,WI_1,HOUSEHOLD,547.0,421.95
2016-04-19,WI_2,FOODS,3282.0,2521.26
2016-04-19,WI_2,HOBBIES,250.0,164.35
2016-04-19,WI_2,HOUSEHOLD,932.0,675.15
2016-04-19,WI_3,FOODS,2377.0,1740.51
2016-04-19,WI_3,HOBBIES,276.0,150.1
2016-04-19,WI_3,HOUSEHOLD,678.0,476.47
2016-04-20,CA_1,FOODS,2490.0,1791.39
2016-04-20,CA_1,HOBBIES,363.0,288.52
2016-04-20,CA_1,HOUSEHOLD,869.0,574.89
2016-04-20,CA_2,FOODS,2506.0,1749.16
2016-04-20,CA_2,HOBBIES,344.0,213.38
2016-04-20,CA_2,HOUSEHOLD,841.0,628.4
2016-04-20,CA_3,FOODS,3286.0,2658.92
2016-04-20,CA_3,HOBBIES,534.0,342.59
2016-04-20,CA_3,HOUSEHOLD,1415.0,1181.17
2016-04-20,CA_4,FOODS,1581.0,1137.15
2016-04-20,CA_4,HOBBIES,405.0,215.46
2016-04-20,CA_4,HOUSEHOLD,514.0,349.86
2016-04-20,TX_1,FOODS,1834.0,1399.03
2016-04-20,TX_1,HOBBIES,273.0,151.04
2016-04-20,TX_1,HOUSEHOLD,794.0,570.45
2016-04-20,TX_2,FOODS,2196.0,1698.73
2016-04-20,TX_2,HOBBIES,373.0,221.22
2016-04-20,TX_2,HOUSEHOLD,815.0,633.67
2016-04-20,TX_3,FOODS,2212.0,1644.21
2016-04-20,TX_3,HOBBIES,334.0,242.95
2016-04-20,TX_3,HOUSEHOLD,769.0,595.85
2016-04-20,WI_1,FOODS,2290.0,1604.82
2016-04-20,WI_1,HOBBIES,326.0,231.54
2016-04-20,WI_1,HOUSEHOLD,626.0,436.12
2016-04-20,WI_2,FOODS,3005.0,2468.55
2016-04-20,WI_2,HOBBIES,276.0,164.5
2016-04-20,WI_2,HOUSEHOLD,913.0,688.28
2016-04-20,WI_3,FOODS,2232.0,1691.22
2016-04-20,WI_3,HOBBIES,244.0,147.96
2016-04-20,WI_3,HOUSEHOLD,683.0,474.63
2016-04-21,CA_1,FOODS,2533.0,1870.07
2016-04-21,CA_1,HOBBIES,410.0,288.81
2016-04-21,CA_1,HOUSEHOLD,766.0,591.95
2016-04-21,CA_2,FOODS,2261.0,1805.84
2016-04-21,CA_2,HOBBIES,271.0,215.53
2016-04-21,CA_2,HOUSEHOLD,771.0,637.32
2016-04-21,CA_3,FOODS,3056.0,2636.24
2016-04-21,CA_3,HOBBIES,540.0,342.08
2016-04-21,CA_3,HOUSEHOLD,1422.0,1162.41
2016-04-21,CA_4,FOODS,1629.0,1145.04
2016-04-21,CA_4,HOBBIES,369.0,223.61
2016-04-21,CA_4,HOUSEHOLD,460.0,350.23
2016-04-21,TX_1,FOODS,1777.0,1389.19
2016-04-21,TX_1,HOBBIES,219.0,151.92
2016-04-21,TX_1,HOUSEHOLD,780.0,574.38
2016-04-21,TX_2,FOODS,2239.0,1707.32
2016-04-21,TX_2,HOBBIES,340.0,221.27
2016-04-21,TX_2,HOUSEHOLD,867.0,638.02
2016-04-21,TX_3,FOODS,2151.0,1658.31
2016-04-21,TX_3,HOBBIES,323.0,242.05
2016-04-21,TX_3,HOUSEHOLD,906.0,594.66
2016-04-21,WI_1,FOODS,2285.0,1646.47
2016-04-21,WI_1,HOBBIES,397.0,233.1
2016-04-21,WI_1,HOUSEHOLD,642.0,444.0
2016-04-21,WI_2,FOODS,3078.0,2425.8
2016-04-21,WI_2,HOBBIES,281.0,165.89
2016-04-21,WI_2,HOUSEHOLD,1034.0,710.58
2016-04-21,WI_3,FOODS,2308.0,1691.88
2016-04-21,WI_3,HOBBIES,203.0,148.42
2016-04-21,WI_3,HOUSEHOLD,715.0,482.66
2016-04-22,CA_1,FOODS,2960.0,2328.87
2016-04-22,CA_1,HOBBIES,527.0,347.99
2016-04-22,CA_1,HOUSEHOLD,900.0,723.71
2016-04-22,CA_2,FOODS,2871.0,2169.48
2016-04-22,CA_2,HOBBIES,485.0,256.72
2016-04-22,CA_2,HOUSEHOLD,1101.0,781.95
2016-04-22,CA_3,FOODS,3409.0,2821.87
2016-04-22,CA_3,HOBBIES,598.0,379.68
2016-04-22,CA_3,HOUSEHOLD,1616.0,1265.57
2016-04-22,CA_4,FOODS,1751.0,1244.06
2016-04-22,CA_4,HOBBIES,405.0,231.08
2016-04-22,CA_4,HOUSEHOLD,472.0,368.96
2016-04-22,TX_1,FOODS,1922.0,1505.46
2016-04-22,TX_1,HOBBIES,271.0,167.94
2016-04-22,TX_1,HOUSEHOLD,829.0,634.22
2016-04-22,TX_2,FOODS,2547.0,1941.46
2016-04-22,TX_2,HOBBIES,388.0,257.15
2016-04-22,TX_2,HOUSEHOLD,967.0,738.17
2016-04-22,TX_3,FOODS,2370.0,1817.48
2016-04-22,TX_3,HOBBIES,397.0,263.71
2016-04-22,TX_3,HOUSEHOLD,924.0,684.8
2016-04-22,WI_1,FOODS,2790.0,2066.21
2016-04-22,WI_1,HOBBIES,415.0,315.79
2016-04-22,WI_1,HOUSEHOLD,786.0,578.88
2016-04-22,WI_2,FOODS,3419.0,2581.8
2016-04-22,WI_2,HOBBIES,303.0,194.96
2016-04-22,WI_2,HOUSEHOLD,1266.0,936.35
2016-04-22,WI_3,FOODS,2665.0,2017.67
2016-04-22,WI_3,HOBBIES,296.0,189.69
2016-04-22,WI_3,HOUSEHOLD,867.0,650.96
2016-04-23,CA_1,FOODS,3655.0,3095.64
2016-04-23,CA_1,HOBBIES,670.0,448.95
2016-04-23,CA_1,HOUSEHOLD,1252.0,1005.36
2016-04-23,CA_2,FOODS,3760.0,2942.55
2016-04-23,CA_2,HOBBIES,542.0,349.06
2016-04-23,CA_2,HOUSEHOLD,1582.0,1211.75
2016-04-23,CA_3,FOODS,4459.0,3582.6
2016-04-23,CA_3,HOBBIES,765.0,465.15
2016-04-23,CA_3,HOUSEHOLD,2195.0,1675.33
2016-04-23,CA_4,FOODS,1971.0,1443.19
2016-04-23,CA_4,HOBBIES,390.0,270.35
2016-04-23,CA_4,HOUSEHOLD,593.0,445.14
2016-04-23,TX_1,FOODS,2319.0,1960.6
2016-04-23,TX_1,HOBBIES,289.0,210.6
2016-04-23,TX_1,HOUSEHOLD,1092.0,855.74
2016-04-23,TX_2,FOODS,2930.0,2415.98
2016-04-23,TX_2,HOBBIES,436.0,300.31
2016-04-23,TX_2,HOUSEHOLD,1117.0,915.05
2016-04-23,TX_3,FOODS,2600.0,2158.23
2016-04-23,TX_3,HOBBIES,497.0,312.75
2016-04-23,TX_3,HOUSEHOLD,986.0,850.12
2016-04-23,WI_1,FOODS,3242.0,2870.74
2016-04-23,WI_1,HOBBIES,503.0,465.84
2016-04-23,WI_1,HOUSEHOLD,1027.0,824.43
2016-04-23,WI_2,FOODS,3751.0,2926.98
2016-04-23,WI_2,HOBBIES,282.0,221.83
2016-04-23,WI_2,HOUSEHOLD,1371.0,1016.48
2016-04-23,WI_3,FOODS,3240.0,2496.83
2016-04-23,WI_3,HOBBIES,413.0,197.35
2016-04-23,WI_3,HOUSEHOLD,1033.0,775.32
2016-04-24,CA_1,FOODS,4053.0,3091.73
2016-04-24,CA_1,HOBBIES,714.0,421.78
2016-04-24,CA_1,HOUSEHOLD,1346.0,1019.4
2016-04-24,CA_2,FOODS,4012.0,2824.14
2016-04-24,CA_2,HOBBIES,507.0,328.87
2016-04-24,CA_2,HOUSEHOLD,1563.0,1184.82
2016-04-24,CA_3,FOODS,4698.0,3819.38
2016-04-24,CA_3,HOBBIES,670.0,490.75
2016-04-24,CA_3,HOUSEHOLD,2353.0,1749.82
2016-04-24,CA_4,FOODS,2043.0,1516.23
2016-04-24,CA_4,HOBBIES,466.0,276.95
2016-04-24,CA_4,HOUSEHOLD,762.0,465.72
2016-04-24,TX_1,FOODS,2491.0,2100.41
2016-04-24,TX_1,HOBBIES,372.0,224.66
2016-04-24,TX_1,HOUSEHOLD,1170.0,896.83
2016-04-24,TX_2,FOODS,2853.0,2564.44
2016-04-24,TX_2,HOBBIES,413.0,315.48
2016-04-24,TX_2,HOUSEHOLD,1026.0,916.15
2016-04-24,TX_3,FOODS,2421.0,2239.41
2016-04-24,TX_3,HOBBIES,481.0,319.33
2016-04-24,TX_3,HOUSEHOLD,1055.0,829.86
2016-04-24,WI_1,FOODS,3317.0,2610.12
2016-04-24,WI_1,HOBBIES,574.0,347.88
2016-04-24,WI_1,HOUSEHOLD,983.0,714.89
2016-04-24,WI_2,FOODS,3659.0,2654.52
2016-04-24,WI_2,HOBBIES,235.0,192.17
2016-04-24,WI_2,HOUSEHOLD,1233.0,838.84
2016-04-24,WI_3,FOODS,3107.0,2295.33
2016-04-24,WI_3,HOBBIES,251.0,185.98
2016-04-24,WI_3,HOUSEHOLD,967.0,712.67
